Baumart,Tiefe_cm,Datum,Aktuelle_nFK
Buche,15,2026-01-01,79.5
Buche,15,2026-01-02,79.3
Buche,15,2026-01-03,79.1
Buche,15,2026-01-04,78.9
Buche,15,2026-01-05,78.8
Buche,15,2026-01-06,79
Buche,15,2026-01-07,79.5
Buche,15,2026-01-08,80.1
Buche,15,2026-01-09,91.8
Buche,15,2026-01-10,96.7
Buche,15,2026-01-11,95.2
Buche,15,2026-01-12,95.8
Buche,15,2026-01-13,96.7
Buche,15,2026-01-14,94
Buche,15,2026-01-15,91.9
Buche,15,2026-01-16,90.5
Buche,15,2026-01-17,89.4
Buche,15,2026-01-18,88.5
Buche,15,2026-01-19,87.8
Buche,15,2026-01-20,87.1
Buche,15,2026-01-21,86.6
Buche,15,2026-01-22,86.1
Buche,15,2026-01-23,85.5
Buche,15,2026-01-24,85
Buche,15,2026-01-25,84.6
Buche,15,2026-01-26,84.2
Buche,15,2026-01-27,84.7
Buche,15,2026-01-28,94.3
Buche,15,2026-01-29,97.5
Buche,15,2026-01-30,95.7
Buche,15,2026-01-31,93.8
Buche,15,2026-02-01,92.4
Buche,15,2026-02-02,95.9
Buche,15,2026-02-03,97.2
Buche,15,2026-02-04,94.9
Buche,15,2026-02-05,93.5
Buche,15,2026-02-06,92.3
Buche,15,2026-02-07,96.4
Buche,15,2026-02-08,94.2
Buche,15,2026-02-09,92.5
Buche,15,2026-02-10,91.2
Buche,15,2026-02-11,102.1
Buche,15,2026-02-12,108.9
Buche,15,2026-02-13,109.2
Buche,15,2026-02-14,105.2
Buche,15,2026-02-15,102.3
Buche,15,2026-02-16,117.9
Buche,15,2026-02-17,110.7
Buche,15,2026-02-18,106.1
Buche,15,2026-02-19,112.4
Buche,15,2026-02-20,109.7
Buche,15,2026-02-21,109.4
Buche,15,2026-02-22,107.8
Buche,15,2026-02-23,103
Buche,15,2026-02-24,101
Buche,15,2026-02-25,98.9
Buche,15,2026-02-26,96.6
Buche,15,2026-03-02,88.3
Buche,15,2026-03-03,87.7
Buche,15,2026-03-04,86.5
Buche,15,2026-03-05,85.4
Buche,15,2026-03-06,84.2
Buche,15,2026-03-07,83.1
Buche,15,2026-03-08,82
Buche,15,2026-03-09,81
Buche,15,2026-03-10,81
Buche,15,2026-03-11,82.8
Buche,15,2026-03-12,81.6
Buche,15,2026-03-13,80.6
Buche,15,2026-03-14,80
Buche,15,2026-03-15,80.1
Buche,15,2026-03-16,79.5
Buche,15,2026-03-17,79.2
Buche,15,2026-03-18,78.8
Buche,15,2026-03-19,77.8
Buche,15,2026-03-20,76.9
Buche,15,2026-03-21,76
Buche,15,2026-03-22,75.2
Buche,15,2026-03-23,74.4
Buche,15,2026-03-24,73.5
Buche,15,2026-03-25,73.6
Buche,15,2026-03-26,78.4
Buche,15,2026-03-27,78.5
Buche,15,2026-03-28,77.9
Buche,15,2026-03-29,78.3
Buche,15,2026-03-30,83.7
Buche,15,2026-03-31,86.2
Buche,15,2026-04-01,84.2
Buche,15,2026-04-02,82.7
Buche,15,2026-04-03,81.4
Buche,15,2026-04-04,80.2
Buche,15,2026-04-05,79.1
Buche,15,2026-04-06,77.8
Buche,15,2026-04-07,76.3
Buche,15,2026-04-08,75
Buche,15,2026-04-09,73.5
Buche,15,2026-04-10,72.2
Buche,15,2026-04-11,71.1
Buche,15,2026-04-12,70.5
Buche,15,2026-04-13,71.8
Buche,15,2026-04-14,72.2
Buche,15,2026-04-15,71.9
Buche,15,2026-04-16,71
Buche,15,2026-04-17,69.5
Buche,15,2026-04-18,67.9
Buche,15,2026-04-19,68.1
Buche,15,2026-04-20,66.7
Buche,15,2026-04-21,65.7
Buche,15,2026-04-22,64.7
Buche,15,2026-04-23,63.2
Buche,15,2026-04-24,61.9
Buche,15,2026-04-25,60.1
Buche,15,2026-04-26,58.7
Buche,15,2026-04-27,57.2
Buche,15,2026-04-28,55.6
Buche,15,2026-04-29,53.8
Buche,15,2026-04-30,52.3
Buche,15,2026-05-01,51.1
Buche,15,2026-05-02,49.6
Buche,15,2026-05-03,47.1
Buche,15,2026-05-04,45.9
Buche,15,2026-05-05,44.9
Buche,15,2026-05-06,57.6
Buche,15,2026-05-07,87.9
Buche,15,2026-05-08,78.2
Buche,15,2026-05-09,72.6
Buche,15,2026-05-10,71.6
Buche,15,2026-05-11,76.5
Buche,15,2026-05-12,85.8
Buche,15,2026-05-13,80.5
Buche,15,2026-05-14,80.2
Buche,15,2026-05-15,77.9
Buche,15,2026-05-16,76.1
Buche,15,2026-05-17,73.3
Buche,15,2026-05-18,70.9
Buche,15,2026-05-19,68.4
Buche,15,2026-05-20,66.2
Buche,15,2026-05-21,63.8
Buche,15,2026-05-22,60.6
Buche,15,2026-05-23,57.1
Buche,15,2026-05-24,53.6
Buche,15,2026-05-25,50.3
Buche,15,2026-05-26,47.1
Buche,15,2026-05-27,44.1
Buche,15,2026-05-28,41.5
Buche,15,2026-05-29,39.4
Buche,15,2026-05-30,37.3
Buche,15,2026-05-31,35.8
Buche,15,2026-06-01,34.7
Buche,15,2026-06-02,33.5
Buche,15,2026-06-03,32.9
Buche,15,2026-06-04,32.1
Buche,15,2026-06-05,31.3
Buche,15,2026-06-06,30.3
Buche,15,2026-06-07,29.2
Buche,15,2026-06-08,28.2
Buche,15,2026-06-09,28.2
Buche,15,2026-06-10,28.4
Buche,15,2026-06-11,28.3
Buche,15,2026-06-12,28.2
Buche,15,2026-06-13,27.5
Buche,15,2026-06-14,26.2
Buche,15,2026-06-15,25.3
Buche,15,2026-06-16,24.7
Buche,15,2026-06-17,23.9
Buche,15,2026-06-18,22.7
Buche,15,2026-06-19,21.3
Buche,15,2026-06-20,19.8
Buche,15,2026-06-21,33.9
Buche,15,2026-06-22,57.8
Buche,15,2026-06-23,46.6
Buche,15,2026-06-24,38.4
Buche,15,2026-06-25,32.3
Buche,15,2026-06-26,27.2
Buche,15,2026-06-27,23.4
Buche,15,2026-06-28,20.6
Buche,15,2026-06-29,18.9
Buche,15,2026-06-30,22.6
Buche,15,2026-07-01,29.8
Buche,15,2026-07-02,26.7
Buche,15,2026-07-03,23.9
Buche,15,2026-07-04,21.5
Buche,15,2026-07-05,19.5
Buche,15,2026-07-06,18.2
Buche,15,2026-07-07,16.6
Buche,15,2026-07-08,15.4
Buche,15,2026-07-09,14.3
Buche,15,2026-07-10,13.2
Buche,15,2026-07-11,12.1
Buche,15,2026-07-12,11
Buche,15,2026-07-13,9.9
Buche,15,2026-07-14,8.9
Buche,15,2026-07-15,13.6
Buche,15,2026-07-16,19
Buche,15,2026-07-17,15.2
Buche,15,2026-07-18,12.7
Buche,15,2026-07-19,10.8
Buche,15,2026-07-20,9.5
Buche,15,2026-07-21,8.6
Buche,15,2026-07-22,7.8
Buche,15,2026-07-23,7.2
Buche,15,2026-07-24,6.7
Buche,15,2026-07-25,6.5
Buche,15,2026-07-26,6.3
Buche,15,2026-07-27,5.9
Buche,15,2026-07-28,5.6
Buche,15,2026-07-29,5.4
Buche,15,2026-07-30,5.3
Buche,15,2026-07-31,4.9
Buche,15,2026-08-01,4.8
Buche,15,2026-08-02,4.6
Buche,15,2026-08-03,4.3
Buche,15,2026-08-04,4
Buche,15,2026-08-05,3.9
Buche,15,2026-08-06,3.9
Buche,15,2026-08-07,3.5
Buche,15,2026-08-08,3.2
Buche,15,2026-08-09,2.9
Buche,15,2026-08-10,2.7
Buche,15,2026-08-11,2.4
Buche,15,2026-08-12,2.1
Buche,15,2026-08-13,1.9
Buche,15,2026-08-14,1.6
Buche,15,2026-08-15,1.4
Buche,15,2026-08-16,1.2
Buche,15,2026-08-17,1
Buche,15,2026-08-18,0.8
Buche,15,2026-08-19,0.7
Buche,15,2026-08-20,0.5
Buche,15,2026-08-21,8.1
Buche,15,2026-08-22,16.4
Buche,15,2026-08-23,12.1
Buche,15,2026-08-24,9.5
Buche,15,2026-08-25,7.4
Buche,15,2026-08-26,6
Buche,15,2026-08-27,5
Buche,15,2026-08-28,10
Buche,15,2026-08-29,12.7
Buche,15,2026-08-30,11.3
Buche,15,2026-08-31,9.7
Buche,15,2026-09-01,8
Buche,15,2026-09-02,6.5
Buche,15,2026-09-03,5.3
Buche,15,2026-09-04,4.8
Buche,15,2026-09-05,6.2
Buche,15,2026-09-06,4.7
Buche,15,2026-09-07,4
Buche,15,2026-09-08,3.5
Buche,15,2026-09-09,2.5
Buche,15,2026-09-10,2.9
Buche,15,2026-09-11,2.8
Buche,30,2026-01-01,91
Buche,30,2026-01-02,91
Buche,30,2026-01-03,90.8
Buche,30,2026-01-04,90.7
Buche,30,2026-01-05,90.5
Buche,30,2026-01-06,90.4
Buche,30,2026-01-07,90.3
Buche,30,2026-01-08,90.1
Buche,30,2026-01-09,91.6
Buche,30,2026-01-10,96.7
Buche,30,2026-01-11,98.5
Buche,30,2026-01-12,98.5
Buche,30,2026-01-13,99.2
Buche,30,2026-01-14,98.9
Buche,30,2026-01-15,98.3
Buche,30,2026-01-16,97.8
Buche,30,2026-01-17,97.3
Buche,30,2026-01-18,96.7
Buche,30,2026-01-19,96.4
Buche,30,2026-01-20,96.1
Buche,30,2026-01-21,95.8
Buche,30,2026-01-22,95.6
Buche,30,2026-01-23,95.4
Buche,30,2026-01-24,95.1
Buche,30,2026-01-25,94.8
Buche,30,2026-01-26,94.6
Buche,30,2026-01-27,94.3
Buche,30,2026-01-28,95.2
Buche,30,2026-01-29,98.1
Buche,30,2026-01-30,99
Buche,30,2026-01-31,98.8
Buche,30,2026-02-01,98.4
Buche,30,2026-02-02,98.3
Buche,30,2026-02-03,99.2
Buche,30,2026-02-04,99.1
Buche,30,2026-02-05,98.7
Buche,30,2026-02-06,98.3
Buche,30,2026-02-07,98.2
Buche,30,2026-02-08,98.3
Buche,30,2026-02-09,98
Buche,30,2026-02-10,97.7
Buche,30,2026-02-11,99.3
Buche,30,2026-02-12,103.7
Buche,30,2026-02-13,107.7
Buche,30,2026-02-14,104.6
Buche,30,2026-02-15,103.5
Buche,30,2026-02-16,114
Buche,30,2026-02-17,108.2
Buche,30,2026-02-18,105.1
Buche,30,2026-02-19,105.8
Buche,30,2026-02-20,106.7
Buche,30,2026-02-21,105.2
Buche,30,2026-02-22,105.7
Buche,30,2026-02-23,104
Buche,30,2026-02-24,103
Buche,30,2026-02-25,102.4
Buche,30,2026-02-26,101.7
Buche,30,2026-03-02,98
Buche,30,2026-03-03,97.7
Buche,30,2026-03-04,97.1
Buche,30,2026-03-05,96.5
Buche,30,2026-03-06,96
Buche,30,2026-03-07,95.5
Buche,30,2026-03-08,94.9
Buche,30,2026-03-09,94.4
Buche,30,2026-03-10,93.9
Buche,30,2026-03-11,93.7
Buche,30,2026-03-12,93.5
Buche,30,2026-03-13,93.2
Buche,30,2026-03-14,93.1
Buche,30,2026-03-15,93
Buche,30,2026-03-16,92.7
Buche,30,2026-03-17,92.5
Buche,30,2026-03-18,92.2
Buche,30,2026-03-19,91.8
Buche,30,2026-03-20,91.4
Buche,30,2026-03-21,91
Buche,30,2026-03-22,90.7
Buche,30,2026-03-23,90.3
Buche,30,2026-03-24,89.9
Buche,30,2026-03-25,89.4
Buche,30,2026-03-26,89.5
Buche,30,2026-03-27,90.1
Buche,30,2026-03-28,90.4
Buche,30,2026-03-29,90.6
Buche,30,2026-03-30,91.6
Buche,30,2026-03-31,94.6
Buche,30,2026-04-01,95
Buche,30,2026-04-02,94.9
Buche,30,2026-04-03,94.5
Buche,30,2026-04-04,94
Buche,30,2026-04-05,93.5
Buche,30,2026-04-06,92.8
Buche,30,2026-04-07,92.1
Buche,30,2026-04-08,91.5
Buche,30,2026-04-09,90.8
Buche,30,2026-04-10,90.2
Buche,30,2026-04-11,89.5
Buche,30,2026-04-12,88.9
Buche,30,2026-04-13,88.8
Buche,30,2026-04-14,88.9
Buche,30,2026-04-15,88.7
Buche,30,2026-04-16,88.1
Buche,30,2026-04-17,87.2
Buche,30,2026-04-18,86.1
Buche,30,2026-04-19,85
Buche,30,2026-04-20,84.1
Buche,30,2026-04-21,83.3
Buche,30,2026-04-22,82.6
Buche,30,2026-04-23,81.5
Buche,30,2026-04-24,80.3
Buche,30,2026-04-25,79
Buche,30,2026-04-26,77.6
Buche,30,2026-04-27,76.2
Buche,30,2026-04-28,74.8
Buche,30,2026-04-29,73.2
Buche,30,2026-04-30,71.7
Buche,30,2026-05-01,70.3
Buche,30,2026-05-02,68.6
Buche,30,2026-05-03,66.7
Buche,30,2026-05-04,65
Buche,30,2026-05-05,63.9
Buche,30,2026-05-06,63.5
Buche,30,2026-05-07,64.6
Buche,30,2026-05-08,65.8
Buche,30,2026-05-09,66.1
Buche,30,2026-05-10,65.6
Buche,30,2026-05-11,65.9
Buche,30,2026-05-12,67.7
Buche,30,2026-05-13,70
Buche,30,2026-05-14,70.9
Buche,30,2026-05-15,71.8
Buche,30,2026-05-16,72.3
Buche,30,2026-05-17,71.9
Buche,30,2026-05-18,71.5
Buche,30,2026-05-19,70.8
Buche,30,2026-05-20,70.1
Buche,30,2026-05-21,69.2
Buche,30,2026-05-22,67.7
Buche,30,2026-05-23,65.8
Buche,30,2026-05-24,63.7
Buche,30,2026-05-25,61.4
Buche,30,2026-05-26,59
Buche,30,2026-05-27,56.4
Buche,30,2026-05-28,54
Buche,30,2026-05-29,51.7
Buche,30,2026-05-30,49.3
Buche,30,2026-05-31,47.4
Buche,30,2026-06-01,45.9
Buche,30,2026-06-02,44.2
Buche,30,2026-06-03,43.2
Buche,30,2026-06-04,42
Buche,30,2026-06-05,40.6
Buche,30,2026-06-06,39
Buche,30,2026-06-07,37.2
Buche,30,2026-06-08,35.6
Buche,30,2026-06-09,35.1
Buche,30,2026-06-10,34.5
Buche,30,2026-06-11,34.2
Buche,30,2026-06-12,33.9
Buche,30,2026-06-13,32.9
Buche,30,2026-06-14,31.2
Buche,30,2026-06-15,29.9
Buche,30,2026-06-16,28.9
Buche,30,2026-06-17,27.7
Buche,30,2026-06-18,26
Buche,30,2026-06-19,24.3
Buche,30,2026-06-20,22.5
Buche,30,2026-06-21,22.8
Buche,30,2026-06-22,32.7
Buche,30,2026-06-23,33.5
Buche,30,2026-06-24,31.3
Buche,30,2026-06-25,28.3
Buche,30,2026-06-26,25.4
Buche,30,2026-06-27,22.8
Buche,30,2026-06-28,20.7
Buche,30,2026-06-29,19.4
Buche,30,2026-06-30,22.8
Buche,30,2026-07-01,27.7
Buche,30,2026-07-02,24.5
Buche,30,2026-07-03,21.4
Buche,30,2026-07-04,19.2
Buche,30,2026-07-05,17.8
Buche,30,2026-07-06,16.8
Buche,30,2026-07-07,15.5
Buche,30,2026-07-08,14.3
Buche,30,2026-07-09,13.4
Buche,30,2026-07-10,12.3
Buche,30,2026-07-11,11.3
Buche,30,2026-07-12,10.3
Buche,30,2026-07-13,9.5
Buche,30,2026-07-14,8.9
Buche,30,2026-07-15,8.9
Buche,30,2026-07-16,10.8
Buche,30,2026-07-17,10.4
Buche,30,2026-07-18,9.7
Buche,30,2026-07-19,9
Buche,30,2026-07-20,8.6
Buche,30,2026-07-21,8.2
Buche,30,2026-07-22,7.7
Buche,30,2026-07-23,7.2
Buche,30,2026-07-24,6.8
Buche,30,2026-07-25,6.4
Buche,30,2026-07-26,5.9
Buche,30,2026-07-27,5.6
Buche,30,2026-07-28,5.4
Buche,30,2026-07-29,5
Buche,30,2026-07-30,4.6
Buche,30,2026-07-31,4.2
Buche,30,2026-08-01,4.1
Buche,30,2026-08-02,4
Buche,30,2026-08-03,3.7
Buche,30,2026-08-04,3.4
Buche,30,2026-08-05,3.3
Buche,30,2026-08-06,3
Buche,30,2026-08-07,2.7
Buche,30,2026-08-08,2.4
Buche,30,2026-08-09,2.2
Buche,30,2026-08-10,1.9
Buche,30,2026-08-11,1.7
Buche,30,2026-08-12,1.4
Buche,30,2026-08-13,1.2
Buche,30,2026-08-14,1
Buche,30,2026-08-15,0.7
Buche,30,2026-08-16,0.5
Buche,30,2026-08-17,0.4
Buche,30,2026-08-18,0.3
Buche,30,2026-08-19,0.2
Buche,30,2026-08-20,0
Buche,30,2026-08-21,0.1
Buche,30,2026-08-22,1.3
Buche,30,2026-08-23,2.1
Buche,30,2026-08-24,2.5
Buche,30,2026-08-25,2.5
Buche,30,2026-08-26,2.4
Buche,30,2026-08-27,1.9
Buche,30,2026-08-28,4.5
Buche,30,2026-08-29,7
Buche,30,2026-08-30,6.8
Buche,30,2026-08-31,6.1
Buche,30,2026-09-01,5.4
Buche,30,2026-09-02,4.5
Buche,30,2026-09-03,3.7
Buche,30,2026-09-04,3
Buche,30,2026-09-05,2.7
Buche,30,2026-09-06,2.7
Buche,30,2026-09-07,2.4
Buche,30,2026-09-08,2
Buche,30,2026-09-09,1.7
Buche,30,2026-09-10,1.6
Buche,30,2026-09-11,1.4
Buche,60,2026-01-01,97.6
Buche,60,2026-01-02,97.5
Buche,60,2026-01-03,97.5
Buche,60,2026-01-04,97.5
Buche,60,2026-01-05,97.5
Buche,60,2026-01-06,97.5
Buche,60,2026-01-07,97.4
Buche,60,2026-01-08,97.3
Buche,60,2026-01-09,100.2
Buche,60,2026-01-10,105.6
Buche,60,2026-01-11,106.6
Buche,60,2026-01-12,106.4
Buche,60,2026-01-13,107.2
Buche,60,2026-01-14,106.8
Buche,60,2026-01-15,106.4
Buche,60,2026-01-16,106.1
Buche,60,2026-01-17,105.8
Buche,60,2026-01-18,105.7
Buche,60,2026-01-19,105.7
Buche,60,2026-01-20,105.5
Buche,60,2026-01-21,105.3
Buche,60,2026-01-22,105.2
Buche,60,2026-01-23,105.4
Buche,60,2026-01-24,106.4
Buche,60,2026-01-25,106.7
Buche,60,2026-01-26,106.7
Buche,60,2026-01-27,106.5
Buche,60,2026-01-28,106.5
Buche,60,2026-01-29,108
Buche,60,2026-01-30,108.8
Buche,60,2026-01-31,108.8
Buche,60,2026-02-01,108.7
Buche,60,2026-02-02,108.7
Buche,60,2026-02-03,109.1
Buche,60,2026-02-04,109.1
Buche,60,2026-02-05,108.9
Buche,60,2026-02-06,108.7
Buche,60,2026-02-07,108.7
Buche,60,2026-02-08,108.9
Buche,60,2026-02-09,108.8
Buche,60,2026-02-10,108.6
Buche,60,2026-02-11,109.4
Buche,60,2026-02-12,115.3
Buche,60,2026-02-13,123.2
Buche,60,2026-02-14,116.9
Buche,60,2026-02-15,115
Buche,60,2026-02-16,123
Buche,60,2026-02-17,119.6
Buche,60,2026-02-18,116.2
Buche,60,2026-02-19,117.4
Buche,60,2026-02-20,117
Buche,60,2026-02-21,115.8
Buche,60,2026-02-22,117.3
Buche,60,2026-02-23,114.9
Buche,60,2026-02-24,114.1
Buche,60,2026-02-25,113.8
Buche,60,2026-02-26,113.5
Buche,60,2026-03-02,110.6
Buche,60,2026-03-03,110.2
Buche,60,2026-03-04,109.5
Buche,60,2026-03-05,109.2
Buche,60,2026-03-06,109
Buche,60,2026-03-07,108.8
Buche,60,2026-03-08,108.6
Buche,60,2026-03-09,108.3
Buche,60,2026-03-10,108
Buche,60,2026-03-11,107.8
Buche,60,2026-03-12,107.7
Buche,60,2026-03-13,107.5
Buche,60,2026-03-14,107.3
Buche,60,2026-03-15,107.3
Buche,60,2026-03-16,107.2
Buche,60,2026-03-17,107.1
Buche,60,2026-03-18,107
Buche,60,2026-03-19,106.8
Buche,60,2026-03-20,106.7
Buche,60,2026-03-21,106.5
Buche,60,2026-03-22,106.3
Buche,60,2026-03-23,106.2
Buche,60,2026-03-24,106.1
Buche,60,2026-03-25,105.8
Buche,60,2026-03-26,105.8
Buche,60,2026-03-27,105.9
Buche,60,2026-03-28,105.9
Buche,60,2026-03-29,106.1
Buche,60,2026-03-30,106.5
Buche,60,2026-03-31,108.2
Buche,60,2026-04-01,108.3
Buche,60,2026-04-02,108.1
Buche,60,2026-04-03,107.9
Buche,60,2026-04-04,107.7
Buche,60,2026-04-05,107.4
Buche,60,2026-04-06,107.2
Buche,60,2026-04-07,107
Buche,60,2026-04-08,106.7
Buche,60,2026-04-09,106.5
Buche,60,2026-04-10,106.2
Buche,60,2026-04-11,105.9
Buche,60,2026-04-12,105.6
Buche,60,2026-04-13,105.5
Buche,60,2026-04-14,105.4
Buche,60,2026-04-15,105.3
Buche,60,2026-04-16,105.1
Buche,60,2026-04-17,104.8
Buche,60,2026-04-18,104.4
Buche,60,2026-04-19,103.9
Buche,60,2026-04-20,103.4
Buche,60,2026-04-21,102.8
Buche,60,2026-04-22,102.4
Buche,60,2026-04-23,101.9
Buche,60,2026-04-24,101.3
Buche,60,2026-04-25,100.7
Buche,60,2026-04-26,99.7
Buche,60,2026-04-27,98.5
Buche,60,2026-04-28,97.7
Buche,60,2026-04-29,96.9
Buche,60,2026-04-30,96
Buche,60,2026-05-01,95.1
Buche,60,2026-05-02,94.1
Buche,60,2026-05-03,93
Buche,60,2026-05-04,92
Buche,60,2026-05-05,91.1
Buche,60,2026-05-06,90.5
Buche,60,2026-05-07,90.2
Buche,60,2026-05-08,89.8
Buche,60,2026-05-09,89.4
Buche,60,2026-05-10,88.8
Buche,60,2026-05-11,88.5
Buche,60,2026-05-12,88.4
Buche,60,2026-05-13,88.4
Buche,60,2026-05-14,88.5
Buche,60,2026-05-15,88.7
Buche,60,2026-05-16,88.8
Buche,60,2026-05-17,88.7
Buche,60,2026-05-18,88.6
Buche,60,2026-05-19,88.3
Buche,60,2026-05-20,88.1
Buche,60,2026-05-21,87.8
Buche,60,2026-05-22,87.3
Buche,60,2026-05-23,86.6
Buche,60,2026-05-24,85.8
Buche,60,2026-05-25,84.6
Buche,60,2026-05-26,83.4
Buche,60,2026-05-27,81.9
Buche,60,2026-05-28,80.5
Buche,60,2026-05-29,79.1
Buche,60,2026-05-30,77.6
Buche,60,2026-05-31,76.3
Buche,60,2026-06-01,75.2
Buche,60,2026-06-02,74
Buche,60,2026-06-03,73.2
Buche,60,2026-06-04,72.2
Buche,60,2026-06-05,71.2
Buche,60,2026-06-06,70
Buche,60,2026-06-07,68.7
Buche,60,2026-06-08,67.5
Buche,60,2026-06-09,66.8
Buche,60,2026-06-10,66.3
Buche,60,2026-06-11,65.8
Buche,60,2026-06-12,65.4
Buche,60,2026-06-13,64.6
Buche,60,2026-06-14,63.2
Buche,60,2026-06-15,62.1
Buche,60,2026-06-16,61.1
Buche,60,2026-06-17,59.9
Buche,60,2026-06-18,58.3
Buche,60,2026-06-19,56.5
Buche,60,2026-06-20,54.7
Buche,60,2026-06-21,55.5
Buche,60,2026-06-22,59.5
Buche,60,2026-06-23,57.4
Buche,60,2026-06-24,55.4
Buche,60,2026-06-25,53.4
Buche,60,2026-06-26,51.5
Buche,60,2026-06-27,49.7
Buche,60,2026-06-28,47.9
Buche,60,2026-06-29,46.7
Buche,60,2026-06-30,53.2
Buche,60,2026-07-01,59.2
Buche,60,2026-07-02,54
Buche,60,2026-07-03,50.2
Buche,60,2026-07-04,47.4
Buche,60,2026-07-05,45.4
Buche,60,2026-07-06,44.2
Buche,60,2026-07-07,43
Buche,60,2026-07-08,41.9
Buche,60,2026-07-09,40.9
Buche,60,2026-07-10,40
Buche,60,2026-07-11,39.1
Buche,60,2026-07-12,38.2
Buche,60,2026-07-13,37.4
Buche,60,2026-07-14,36.8
Buche,60,2026-07-15,36.5
Buche,60,2026-07-16,37
Buche,60,2026-07-17,36.8
Buche,60,2026-07-18,36.6
Buche,60,2026-07-19,36.3
Buche,60,2026-07-20,36
Buche,60,2026-07-21,35.6
Buche,60,2026-07-22,35.2
Buche,60,2026-07-23,34.8
Buche,60,2026-07-24,34.4
Buche,60,2026-07-25,34
Buche,60,2026-07-26,33.5
Buche,60,2026-07-27,33.2
Buche,60,2026-07-28,33
Buche,60,2026-07-29,32.6
Buche,60,2026-07-30,32.2
Buche,60,2026-07-31,31.9
Buche,60,2026-08-01,31.8
Buche,60,2026-08-02,31.6
Buche,60,2026-08-03,31.3
Buche,60,2026-08-04,31
Buche,60,2026-08-05,30.8
Buche,60,2026-08-06,30.5
Buche,60,2026-08-07,30.2
Buche,60,2026-08-08,29.9
Buche,60,2026-08-09,29.6
Buche,60,2026-08-10,29.4
Buche,60,2026-08-11,29.1
Buche,60,2026-08-12,28.9
Buche,60,2026-08-13,28.6
Buche,60,2026-08-14,28.4
Buche,60,2026-08-15,28.1
Buche,60,2026-08-16,27.9
Buche,60,2026-08-17,27.7
Buche,60,2026-08-18,27.6
Buche,60,2026-08-19,27.5
Buche,60,2026-08-20,27.3
Buche,60,2026-08-21,27.3
Buche,60,2026-08-22,28.1
Buche,60,2026-08-23,28.3
Buche,60,2026-08-24,28.3
Buche,60,2026-08-25,28.3
Buche,60,2026-08-26,28.2
Buche,60,2026-08-27,28
Buche,60,2026-08-28,35
Buche,60,2026-08-29,34.8
Buche,60,2026-08-30,32.9
Buche,60,2026-08-31,31.8
Buche,60,2026-09-01,31.1
Buche,60,2026-09-02,30.5
Buche,60,2026-09-03,29.9
Buche,60,2026-09-04,29.3
Buche,60,2026-09-05,29.1
Buche,60,2026-09-06,29
Buche,60,2026-09-07,28.8
Buche,60,2026-09-08,28.5
Buche,60,2026-09-09,28.3
Buche,60,2026-09-10,28.2
Buche,60,2026-09-11,28.1
Fichte,15,2026-01-01,73.9
Fichte,15,2026-01-02,73.5
Fichte,15,2026-01-03,73.2
Fichte,15,2026-01-04,72.9
Fichte,15,2026-01-05,72.6
Fichte,15,2026-01-06,72.4
Fichte,15,2026-01-07,72.1
Fichte,15,2026-01-08,71.8
Fichte,15,2026-01-09,76.6
Fichte,15,2026-01-10,84.6
Fichte,15,2026-01-11,88
Fichte,15,2026-01-12,93.4
Fichte,15,2026-01-13,97.7
Fichte,15,2026-01-14,94
Fichte,15,2026-01-15,91.7
Fichte,15,2026-01-16,90
Fichte,15,2026-01-17,88.7
Fichte,15,2026-01-18,87.7
Fichte,15,2026-01-19,86.8
Fichte,15,2026-01-20,86
Fichte,15,2026-01-21,85.3
Fichte,15,2026-01-22,84.7
Fichte,15,2026-01-23,84.1
Fichte,15,2026-01-24,83.5
Fichte,15,2026-01-25,82.9
Fichte,15,2026-01-26,82.3
Fichte,15,2026-01-27,81.8
Fichte,15,2026-01-28,86.8
Fichte,15,2026-01-29,98.8
Fichte,15,2026-01-30,97.4
Fichte,15,2026-01-31,94.8
Fichte,15,2026-02-01,92.9
Fichte,15,2026-02-02,93
Fichte,15,2026-02-03,95.7
Fichte,15,2026-02-04,94.6
Fichte,15,2026-02-05,93.3
Fichte,15,2026-02-06,91.9
Fichte,15,2026-02-07,91.6
Fichte,15,2026-02-08,91.9
Fichte,15,2026-02-09,91.2
Fichte,15,2026-02-10,90.4
Fichte,15,2026-02-11,97.4
Fichte,15,2026-02-12,104.4
Fichte,15,2026-02-13,104.3
Fichte,15,2026-02-14,99.6
Fichte,15,2026-02-15,98.3
Fichte,15,2026-02-16,107.1
Fichte,15,2026-02-17,101.1
Fichte,15,2026-02-18,98.8
Fichte,15,2026-02-19,103.5
Fichte,15,2026-02-20,103.1
Fichte,15,2026-02-21,101.5
Fichte,15,2026-02-22,102.6
Fichte,15,2026-02-23,98.6
Fichte,15,2026-02-24,96.3
Fichte,15,2026-02-25,95.1
Fichte,15,2026-02-26,93.7
Fichte,15,2026-02-27,92
Fichte,15,2026-02-28,90.2
Fichte,15,2026-03-01,88.6
Fichte,15,2026-03-02,87.1
Fichte,15,2026-03-03,85.6
Fichte,15,2026-03-04,84
Fichte,15,2026-03-05,82.4
Fichte,15,2026-03-06,80.8
Fichte,15,2026-03-07,79.1
Fichte,15,2026-03-08,77.3
Fichte,15,2026-03-09,75.6
Fichte,15,2026-03-10,73.9
Fichte,15,2026-03-11,72.3
Fichte,15,2026-03-12,70.8
Fichte,15,2026-03-13,69.3
Fichte,15,2026-03-14,67.8
Fichte,15,2026-03-15,66.7
Fichte,15,2026-03-16,65.7
Fichte,15,2026-03-17,64.5
Fichte,15,2026-03-18,63.4
Fichte,15,2026-03-19,61.9
Fichte,15,2026-03-20,60.3
Fichte,15,2026-03-21,58.7
Fichte,15,2026-03-22,57.4
Fichte,15,2026-03-23,56.1
Fichte,15,2026-03-24,54.7
Fichte,15,2026-03-25,53.6
Fichte,15,2026-03-26,53.5
Fichte,15,2026-03-27,53.3
Fichte,15,2026-03-28,53.1
Fichte,15,2026-03-29,52.9
Fichte,15,2026-03-30,58.1
Fichte,15,2026-03-31,62.7
Fichte,15,2026-04-01,61.3
Fichte,15,2026-04-02,60.3
Fichte,15,2026-04-03,59.2
Fichte,15,2026-04-04,57.9
Fichte,15,2026-04-05,56.6
Fichte,15,2026-04-06,54.9
Fichte,15,2026-04-07,53.1
Fichte,15,2026-04-08,51.3
Fichte,15,2026-04-09,49.4
Fichte,15,2026-04-10,47.8
Fichte,15,2026-04-11,46.6
Fichte,15,2026-04-12,45.5
Fichte,15,2026-04-13,46
Fichte,15,2026-04-14,46.1
Fichte,15,2026-04-15,46
Fichte,15,2026-04-16,45.4
Fichte,15,2026-04-17,44.5
Fichte,15,2026-04-18,43.4
Fichte,15,2026-04-19,42.1
Fichte,15,2026-04-20,41.3
Fichte,15,2026-04-21,40.4
Fichte,15,2026-04-22,39.5
Fichte,15,2026-04-23,38.4
Fichte,15,2026-04-24,37.3
Fichte,15,2026-04-25,36.2
Fichte,15,2026-04-26,35
Fichte,15,2026-04-27,33.9
Fichte,15,2026-04-28,32.7
Fichte,15,2026-04-29,31.5
Fichte,15,2026-04-30,30.4
Fichte,15,2026-05-01,29.4
Fichte,15,2026-05-02,28.4
Fichte,15,2026-05-03,27.4
Fichte,15,2026-05-04,26.4
Fichte,15,2026-05-05,25.7
Fichte,15,2026-05-06,27.8
Fichte,15,2026-05-07,46.2
Fichte,15,2026-05-08,42.9
Fichte,15,2026-05-09,41.1
Fichte,15,2026-05-10,41.3
Fichte,15,2026-05-11,46.1
Fichte,15,2026-05-12,56.8
Fichte,15,2026-05-13,55.3
Fichte,15,2026-05-14,55
Fichte,15,2026-05-15,54.4
Fichte,15,2026-05-16,53.4
Fichte,15,2026-05-17,52.1
Fichte,15,2026-05-18,50.5
Fichte,15,2026-05-19,48.9
Fichte,15,2026-05-20,47.2
Fichte,15,2026-05-21,45.4
Fichte,15,2026-05-22,43.4
Fichte,15,2026-05-23,41.4
Fichte,15,2026-05-24,39.3
Fichte,15,2026-05-25,37.2
Fichte,15,2026-05-26,35.2
Fichte,15,2026-05-27,33.2
Fichte,15,2026-05-28,31.3
Fichte,15,2026-05-29,29.5
Fichte,15,2026-05-30,27.9
Fichte,15,2026-05-31,26.4
Fichte,15,2026-06-01,25.1
Fichte,15,2026-06-02,23.9
Fichte,15,2026-06-03,22.9
Fichte,15,2026-06-04,21.9
Fichte,15,2026-06-05,21.1
Fichte,15,2026-06-06,20.1
Fichte,15,2026-06-07,19.1
Fichte,15,2026-06-08,18.3
Fichte,15,2026-06-09,17.8
Fichte,15,2026-06-10,17.3
Fichte,15,2026-06-11,16.9
Fichte,15,2026-06-12,16.6
Fichte,15,2026-06-13,16.3
Fichte,15,2026-06-14,15.8
Fichte,15,2026-06-15,15.1
Fichte,15,2026-06-16,14.5
Fichte,15,2026-06-17,14
Fichte,15,2026-06-18,13.5
Fichte,15,2026-06-19,13.1
Fichte,15,2026-06-20,12.5
Fichte,15,2026-06-21,18.1
Fichte,15,2026-06-22,30.6
Fichte,15,2026-06-23,26.8
Fichte,15,2026-06-24,23.6
Fichte,15,2026-06-25,20.6
Fichte,15,2026-06-26,18
Fichte,15,2026-06-27,15.8
Fichte,15,2026-06-28,14
Fichte,15,2026-06-29,12.6
Fichte,15,2026-06-30,20.5
Fichte,15,2026-07-01,31
Fichte,15,2026-07-02,26.8
Fichte,15,2026-07-03,23.5
Fichte,15,2026-07-04,20.6
Fichte,15,2026-07-05,18.2
Fichte,15,2026-07-06,16.4
Fichte,15,2026-07-07,14.7
Fichte,15,2026-07-08,13.2
Fichte,15,2026-07-09,11.9
Fichte,15,2026-07-10,10.9
Fichte,15,2026-07-11,10.1
Fichte,15,2026-07-12,9.5
Fichte,15,2026-07-20,9.7
Fichte,15,2026-07-21,8.9
Fichte,15,2026-07-22,8.1
Fichte,15,2026-07-23,7.5
Fichte,15,2026-07-24,6.9
Fichte,15,2026-07-25,6.5
Fichte,15,2026-07-26,6.1
Fichte,15,2026-07-27,5.7
Fichte,15,2026-07-28,5.3
Fichte,15,2026-07-29,5.1
Fichte,15,2026-07-30,4.8
Fichte,15,2026-07-31,4.5
Fichte,15,2026-08-01,4.2
Fichte,15,2026-08-02,3.9
Fichte,15,2026-08-03,3.7
Fichte,15,2026-08-04,3.5
Fichte,15,2026-08-05,3.4
Fichte,15,2026-08-06,3.1
Fichte,15,2026-08-07,2.7
Fichte,15,2026-08-08,2.4
Fichte,15,2026-08-09,2.2
Fichte,15,2026-08-10,2
Fichte,15,2026-08-11,1.8
Fichte,15,2026-08-12,1.5
Fichte,15,2026-08-13,1.3
Fichte,15,2026-08-14,1.1
Fichte,15,2026-08-15,0.9
Fichte,15,2026-08-16,0.7
Fichte,15,2026-08-17,0.5
Fichte,15,2026-08-18,0.3
Fichte,15,2026-08-19,0.2
Fichte,15,2026-08-20,0.1
Fichte,15,2026-08-21,0.1
Fichte,15,2026-08-22,5.3
Fichte,15,2026-08-23,4.6
Fichte,15,2026-08-24,4.1
Fichte,15,2026-08-25,3.6
Fichte,15,2026-08-26,3.3
Fichte,15,2026-08-27,2.9
Fichte,15,2026-08-28,13.6
Fichte,15,2026-08-29,17.1
Fichte,15,2026-08-30,15.2
Fichte,15,2026-08-31,13.5
Fichte,15,2026-09-01,11.8
Fichte,15,2026-09-02,10.2
Fichte,15,2026-09-03,8.8
Fichte,15,2026-09-04,7.6
Fichte,15,2026-09-05,8.3
Fichte,15,2026-09-06,7.5
Fichte,15,2026-09-07,6.5
Fichte,15,2026-09-08,5.7
Fichte,15,2026-09-09,4.9
Fichte,15,2026-09-10,4.2
Fichte,15,2026-09-11,3.7
Fichte,30,2026-01-01,73.1
Fichte,30,2026-01-02,73
Fichte,30,2026-01-03,72.8
Fichte,30,2026-01-04,72.6
Fichte,30,2026-01-05,72.5
Fichte,30,2026-01-06,72.4
Fichte,30,2026-01-07,72.2
Fichte,30,2026-01-08,72.1
Fichte,30,2026-01-09,73.7
Fichte,30,2026-01-10,75.2
Fichte,30,2026-01-11,76.9
Fichte,30,2026-01-12,81.1
Fichte,30,2026-01-13,88.5
Fichte,30,2026-01-14,87
Fichte,30,2026-01-15,85.7
Fichte,30,2026-01-16,84.7
Fichte,30,2026-01-17,83.9
Fichte,30,2026-01-18,83.3
Fichte,30,2026-01-19,82.8
Fichte,30,2026-01-20,82.3
Fichte,30,2026-01-21,81.9
Fichte,30,2026-01-22,81.5
Fichte,30,2026-01-23,81.1
Fichte,30,2026-01-24,80.7
Fichte,30,2026-01-25,80.4
Fichte,30,2026-01-26,80
Fichte,30,2026-01-27,79.7
Fichte,30,2026-01-28,79.6
Fichte,30,2026-01-29,83.7
Fichte,30,2026-01-30,87.2
Fichte,30,2026-01-31,86.8
Fichte,30,2026-02-01,86.1
Fichte,30,2026-02-02,85.5
Fichte,30,2026-02-03,86.2
Fichte,30,2026-02-04,86.4
Fichte,30,2026-02-05,86.1
Fichte,30,2026-02-06,85.6
Fichte,30,2026-02-07,85.1
Fichte,30,2026-02-08,85
Fichte,30,2026-02-09,84.7
Fichte,30,2026-02-10,84.5
Fichte,30,2026-02-11,87.4
Fichte,30,2026-02-12,93.5
Fichte,30,2026-02-13,98.3
Fichte,30,2026-02-14,93.6
Fichte,30,2026-02-15,92
Fichte,30,2026-02-16,99.9
Fichte,30,2026-02-17,95.3
Fichte,30,2026-02-18,93
Fichte,30,2026-02-19,94.6
Fichte,30,2026-02-20,96.4
Fichte,30,2026-02-21,94
Fichte,30,2026-02-22,95.1
Fichte,30,2026-02-23,93
Fichte,30,2026-02-24,91.2
Fichte,30,2026-02-25,90
Fichte,30,2026-02-26,89
Fichte,30,2026-02-27,88
Fichte,30,2026-02-28,87
Fichte,30,2026-03-01,86.1
Fichte,30,2026-03-02,85.3
Fichte,30,2026-03-03,84.5
Fichte,30,2026-03-04,83.7
Fichte,30,2026-03-05,83
Fichte,30,2026-03-06,82.2
Fichte,30,2026-03-07,81.3
Fichte,30,2026-03-08,80.5
Fichte,30,2026-03-09,79.7
Fichte,30,2026-03-10,78.9
Fichte,30,2026-03-11,78
Fichte,30,2026-03-12,77.3
Fichte,30,2026-03-13,76.5
Fichte,30,2026-03-14,75.8
Fichte,30,2026-03-15,75.2
Fichte,30,2026-03-16,74.7
Fichte,30,2026-03-17,74.1
Fichte,30,2026-03-18,73.5
Fichte,30,2026-03-19,72.5
Fichte,30,2026-03-20,71.5
Fichte,30,2026-03-21,70.4
Fichte,30,2026-03-22,69.5
Fichte,30,2026-03-23,68.5
Fichte,30,2026-03-24,67.3
Fichte,30,2026-03-25,66
Fichte,30,2026-03-26,65.4
Fichte,30,2026-03-27,65.1
Fichte,30,2026-03-28,64.8
Fichte,30,2026-03-29,64.4
Fichte,30,2026-03-30,64.5
Fichte,30,2026-03-31,65.3
Fichte,30,2026-04-01,65.3
Fichte,30,2026-04-02,65.1
Fichte,30,2026-04-03,64.6
Fichte,30,2026-04-04,64
Fichte,30,2026-04-05,63.3
Fichte,30,2026-04-06,62.2
Fichte,30,2026-04-07,61
Fichte,30,2026-04-08,59.5
Fichte,30,2026-04-09,58
Fichte,30,2026-04-10,56.7
Fichte,30,2026-04-11,55.7
Fichte,30,2026-04-12,54.6
Fichte,30,2026-04-13,54.5
Fichte,30,2026-04-14,54.4
Fichte,30,2026-04-15,54.2
Fichte,30,2026-04-16,53.5
Fichte,30,2026-04-17,52.4
Fichte,30,2026-04-18,51.1
Fichte,30,2026-04-19,49.8
Fichte,30,2026-04-20,48.6
Fichte,30,2026-04-21,47.6
Fichte,30,2026-04-22,46.6
Fichte,30,2026-04-23,45.2
Fichte,30,2026-04-24,43.9
Fichte,30,2026-04-25,42.5
Fichte,30,2026-04-26,41.1
Fichte,30,2026-04-27,39.8
Fichte,30,2026-04-28,38.4
Fichte,30,2026-04-29,37
Fichte,30,2026-04-30,35.7
Fichte,30,2026-05-01,34.4
Fichte,30,2026-05-02,33.2
Fichte,30,2026-05-03,32
Fichte,30,2026-05-04,30.8
Fichte,30,2026-05-05,29.9
Fichte,30,2026-05-06,29.6
Fichte,30,2026-05-07,33.4
Fichte,30,2026-05-08,33.8
Fichte,30,2026-05-09,33.5
Fichte,30,2026-05-10,33.3
Fichte,30,2026-05-11,34.3
Fichte,30,2026-05-12,36.4
Fichte,30,2026-05-13,36.6
Fichte,30,2026-05-14,36.5
Fichte,30,2026-05-15,36.7
Fichte,30,2026-05-16,36.8
Fichte,30,2026-05-17,36.7
Fichte,30,2026-05-18,36.5
Fichte,30,2026-05-19,36.3
Fichte,30,2026-05-20,36
Fichte,30,2026-05-21,35.5
Fichte,30,2026-05-22,34.7
Fichte,30,2026-05-23,34
Fichte,30,2026-05-24,33.1
Fichte,30,2026-05-25,32.1
Fichte,30,2026-05-26,31
Fichte,30,2026-05-27,29.9
Fichte,30,2026-05-28,28.7
Fichte,30,2026-05-29,27.6
Fichte,30,2026-05-30,26.4
Fichte,30,2026-05-31,25.3
Fichte,30,2026-06-01,24.3
Fichte,30,2026-06-02,23.2
Fichte,30,2026-06-03,22.5
Fichte,30,2026-06-04,21.7
Fichte,30,2026-06-05,20.9
Fichte,30,2026-06-06,19.8
Fichte,30,2026-06-07,18.9
Fichte,30,2026-06-08,18.1
Fichte,30,2026-06-09,17.7
Fichte,30,2026-06-10,17.4
Fichte,30,2026-06-11,17.1
Fichte,30,2026-06-12,17
Fichte,30,2026-06-13,16.7
Fichte,30,2026-06-14,15.9
Fichte,30,2026-06-15,15.1
Fichte,30,2026-06-16,14.6
Fichte,30,2026-06-17,14.1
Fichte,30,2026-06-18,13.6
Fichte,30,2026-06-19,13.1
Fichte,30,2026-06-20,12.5
Fichte,30,2026-06-21,20.5
Fichte,30,2026-06-22,30.4
Fichte,30,2026-06-23,24.4
Fichte,30,2026-06-24,20.7
Fichte,30,2026-06-25,18
Fichte,30,2026-06-26,15.8
Fichte,30,2026-06-27,14
Fichte,30,2026-06-28,12.6
Fichte,30,2026-06-29,11.6
Fichte,30,2026-06-30,21.6
Fichte,30,2026-07-01,31
Fichte,30,2026-07-02,25.7
Fichte,30,2026-07-03,21.7
Fichte,30,2026-07-04,18.3
Fichte,30,2026-07-05,15.8
Fichte,30,2026-07-06,14.1
Fichte,30,2026-07-07,12.6
Fichte,30,2026-07-08,11.3
Fichte,30,2026-07-09,10.3
Fichte,30,2026-07-10,9.6
Fichte,30,2026-07-11,9
Fichte,30,2026-07-12,8.6
Fichte,30,2026-07-20,7.8
Fichte,30,2026-07-21,7.1
Fichte,30,2026-07-22,6.6
Fichte,30,2026-07-23,6.2
Fichte,30,2026-07-24,5.8
Fichte,30,2026-07-25,5.5
Fichte,30,2026-07-26,5.2
Fichte,30,2026-07-27,4.9
Fichte,30,2026-07-28,4.6
Fichte,30,2026-07-29,4.4
Fichte,30,2026-07-30,4.2
Fichte,30,2026-07-31,3.9
Fichte,30,2026-08-01,3.7
Fichte,30,2026-08-02,3.4
Fichte,30,2026-08-03,3.3
Fichte,30,2026-08-04,3.2
Fichte,30,2026-08-05,3
Fichte,30,2026-08-06,2.8
Fichte,30,2026-08-07,2.4
Fichte,30,2026-08-08,2.1
Fichte,30,2026-08-09,1.9
Fichte,30,2026-08-10,1.8
Fichte,30,2026-08-11,1.6
Fichte,30,2026-08-12,1.4
Fichte,30,2026-08-13,1.2
Fichte,30,2026-08-14,1
Fichte,30,2026-08-15,0.8
Fichte,30,2026-08-16,0.6
Fichte,30,2026-08-17,0.5
Fichte,30,2026-08-18,0.3
Fichte,30,2026-08-19,0.2
Fichte,30,2026-08-20,0.1
Fichte,30,2026-08-21,1.6
Fichte,30,2026-08-22,5.4
Fichte,30,2026-08-23,3.7
Fichte,30,2026-08-24,3.2
Fichte,30,2026-08-25,2.9
Fichte,30,2026-08-26,2.7
Fichte,30,2026-08-27,2.3
Fichte,30,2026-08-28,8.8
Fichte,30,2026-08-29,13.8
Fichte,30,2026-08-30,12.3
Fichte,30,2026-08-31,10.6
Fichte,30,2026-09-01,8.9
Fichte,30,2026-09-02,7.4
Fichte,30,2026-09-03,6.2
Fichte,30,2026-09-04,5.3
Fichte,30,2026-09-05,5
Fichte,30,2026-09-06,4.7
Fichte,30,2026-09-07,4.1
Fichte,30,2026-09-08,3.7
Fichte,30,2026-09-09,3.3
Fichte,30,2026-09-10,2.7
Fichte,30,2026-09-11,2.4
Fichte,60,2026-01-01,74.5
Fichte,60,2026-01-02,74.5
Fichte,60,2026-01-03,74.5
Fichte,60,2026-01-04,74.5
Fichte,60,2026-01-05,74.5
Fichte,60,2026-01-06,74.5
Fichte,60,2026-01-07,74.5
Fichte,60,2026-01-08,74.5
Fichte,60,2026-01-09,74.6
Fichte,60,2026-01-10,75
Fichte,60,2026-01-11,75.2
Fichte,60,2026-01-12,75.8
Fichte,60,2026-01-13,80.2
Fichte,60,2026-01-14,83.4
Fichte,60,2026-01-15,84.8
Fichte,60,2026-01-16,85.4
Fichte,60,2026-01-17,85.7
Fichte,60,2026-01-18,85.9
Fichte,60,2026-01-19,85.9
Fichte,60,2026-01-20,85.9
Fichte,60,2026-01-21,85.9
Fichte,60,2026-01-22,85.9
Fichte,60,2026-01-23,85.8
Fichte,60,2026-01-24,85.7
Fichte,60,2026-01-25,85.6
Fichte,60,2026-01-26,85.5
Fichte,60,2026-01-27,85.3
Fichte,60,2026-01-28,85.2
Fichte,60,2026-01-29,85.3
Fichte,60,2026-01-30,86.6
Fichte,60,2026-01-31,88
Fichte,60,2026-02-01,88.6
Fichte,60,2026-02-02,88.8
Fichte,60,2026-02-03,89
Fichte,60,2026-02-04,89.5
Fichte,60,2026-02-05,89.7
Fichte,60,2026-02-06,89.6
Fichte,60,2026-02-07,89.5
Fichte,60,2026-02-08,89.4
Fichte,60,2026-02-09,89.4
Fichte,60,2026-02-10,89.4
Fichte,60,2026-02-11,89.7
Fichte,60,2026-02-12,94.2
Fichte,60,2026-02-13,107.4
Fichte,60,2026-02-14,102.1
Fichte,60,2026-02-15,100.1
Fichte,60,2026-02-16,112.4
Fichte,60,2026-02-17,105.8
Fichte,60,2026-02-18,102.6
Fichte,60,2026-02-19,102.5
Fichte,60,2026-02-20,105.4
Fichte,60,2026-02-21,102.9
Fichte,60,2026-02-22,102.9
Fichte,60,2026-02-23,101.9
Fichte,60,2026-02-24,100.5
Fichte,60,2026-02-25,99.2
Fichte,60,2026-02-26,98.1
Fichte,60,2026-02-27,97.1
Fichte,60,2026-02-28,96.3
Fichte,60,2026-03-01,95.5
Fichte,60,2026-03-02,94.9
Fichte,60,2026-03-03,94.3
Fichte,60,2026-03-04,93.7
Fichte,60,2026-03-05,93.1
Fichte,60,2026-03-06,92.5
Fichte,60,2026-03-07,92
Fichte,60,2026-03-08,91.4
Fichte,60,2026-03-09,90.8
Fichte,60,2026-03-10,90.3
Fichte,60,2026-03-11,89.8
Fichte,60,2026-03-12,89.3
Fichte,60,2026-03-13,88.7
Fichte,60,2026-03-14,88.3
Fichte,60,2026-03-15,87.9
Fichte,60,2026-03-16,87.5
Fichte,60,2026-03-17,87.1
Fichte,60,2026-03-18,86.7
Fichte,60,2026-03-19,86
Fichte,60,2026-03-20,85.3
Fichte,60,2026-03-21,84.6
Fichte,60,2026-03-22,84.1
Fichte,60,2026-03-23,83.4
Fichte,60,2026-03-24,82.6
Fichte,60,2026-03-25,81.8
Fichte,60,2026-03-26,82.9
Fichte,60,2026-03-27,82.4
Fichte,60,2026-03-28,81.1
Fichte,60,2026-03-29,80.9
Fichte,60,2026-03-30,80.7
Fichte,60,2026-03-31,80.6
Fichte,60,2026-04-01,80.3
Fichte,60,2026-04-02,80.1
Fichte,60,2026-04-03,79.4
Fichte,60,2026-04-04,78.6
Fichte,60,2026-04-05,77.9
Fichte,60,2026-04-06,77
Fichte,60,2026-04-07,76.1
Fichte,60,2026-04-08,75.1
Fichte,60,2026-04-09,74.1
Fichte,60,2026-04-10,73.2
Fichte,60,2026-04-11,72.3
Fichte,60,2026-04-12,71.6
Fichte,60,2026-04-13,71.4
Fichte,60,2026-04-14,71.3
Fichte,60,2026-04-15,70.9
Fichte,60,2026-04-16,70.3
Fichte,60,2026-04-17,69.3
Fichte,60,2026-04-18,68.2
Fichte,60,2026-04-19,67.2
Fichte,60,2026-04-20,66.2
Fichte,60,2026-04-21,65.3
Fichte,60,2026-04-22,64.3
Fichte,60,2026-04-23,63.1
Fichte,60,2026-04-24,61.9
Fichte,60,2026-04-25,60.6
Fichte,60,2026-04-26,59.4
Fichte,60,2026-04-27,58.1
Fichte,60,2026-04-28,56.7
Fichte,60,2026-04-29,55.4
Fichte,60,2026-04-30,54.1
Fichte,60,2026-05-01,52.8
Fichte,60,2026-05-02,51.5
Fichte,60,2026-05-03,50.1
Fichte,60,2026-05-04,48.7
Fichte,60,2026-05-05,47.7
Fichte,60,2026-05-06,47.1
Fichte,60,2026-05-07,46.9
Fichte,60,2026-05-08,46.7
Fichte,60,2026-05-09,46.4
Fichte,60,2026-05-10,45.9
Fichte,60,2026-05-11,45.6
Fichte,60,2026-05-12,45.7
Fichte,60,2026-05-13,45.5
Fichte,60,2026-05-14,45.5
Fichte,60,2026-05-15,45.5
Fichte,60,2026-05-16,45.4
Fichte,60,2026-05-17,45.1
Fichte,60,2026-05-18,44.9
Fichte,60,2026-05-19,44.6
Fichte,60,2026-05-20,44.2
Fichte,60,2026-05-21,43.7
Fichte,60,2026-05-22,43
Fichte,60,2026-05-23,42.3
Fichte,60,2026-05-24,41.4
Fichte,60,2026-05-25,40.5
Fichte,60,2026-05-26,39.5
Fichte,60,2026-05-27,38.4
Fichte,60,2026-05-28,37.2
Fichte,60,2026-05-29,36.1
Fichte,60,2026-05-30,35
Fichte,60,2026-05-31,33.9
Fichte,60,2026-06-01,32.9
Fichte,60,2026-06-02,31.8
Fichte,60,2026-06-03,31
Fichte,60,2026-06-04,30.1
Fichte,60,2026-06-05,29.1
Fichte,60,2026-06-06,28
Fichte,60,2026-06-07,26.9
Fichte,60,2026-06-08,25.9
Fichte,60,2026-06-09,25.2
Fichte,60,2026-06-10,24.6
Fichte,60,2026-06-11,24.1
Fichte,60,2026-06-12,23.8
Fichte,60,2026-06-13,23.2
Fichte,60,2026-06-14,22.1
Fichte,60,2026-06-15,21.1
Fichte,60,2026-06-16,20.4
Fichte,60,2026-06-17,19.6
Fichte,60,2026-06-18,18.8
Fichte,60,2026-06-19,18
Fichte,60,2026-06-20,17.2
Fichte,60,2026-06-21,19.1
Fichte,60,2026-06-22,25.8
Fichte,60,2026-06-23,23.4
Fichte,60,2026-06-24,21.3
Fichte,60,2026-06-25,19.4
Fichte,60,2026-06-26,17.9
Fichte,60,2026-06-27,16.7
Fichte,60,2026-06-28,15.6
Fichte,60,2026-06-29,14.8
Fichte,60,2026-06-30,18.5
Fichte,60,2026-07-01,24.6
Fichte,60,2026-07-02,22.6
Fichte,60,2026-07-03,20.4
Fichte,60,2026-07-04,18.4
Fichte,60,2026-07-05,16.6
Fichte,60,2026-07-06,15.3
Fichte,60,2026-07-07,14.1
Fichte,60,2026-07-08,13.1
Fichte,60,2026-07-09,12.3
Fichte,60,2026-07-10,11.6
Fichte,60,2026-07-11,10.9
Fichte,60,2026-07-12,10.5
Fichte,60,2026-07-20,8.5
Fichte,60,2026-07-21,8.1
Fichte,60,2026-07-22,7.7
Fichte,60,2026-07-23,7.2
Fichte,60,2026-07-24,6.9
Fichte,60,2026-07-25,6.6
Fichte,60,2026-07-26,6.2
Fichte,60,2026-07-27,5.8
Fichte,60,2026-07-28,5.5
Fichte,60,2026-07-29,5.3
Fichte,60,2026-07-30,5
Fichte,60,2026-07-31,4.8
Fichte,60,2026-08-01,4.5
Fichte,60,2026-08-02,4.3
Fichte,60,2026-08-03,4.1
Fichte,60,2026-08-04,3.9
Fichte,60,2026-08-05,3.7
Fichte,60,2026-08-06,3.4
Fichte,60,2026-08-07,3.1
Fichte,60,2026-08-08,2.8
Fichte,60,2026-08-09,2.5
Fichte,60,2026-08-10,2.3
Fichte,60,2026-08-11,2
Fichte,60,2026-08-12,1.7
Fichte,60,2026-08-13,1.5
Fichte,60,2026-08-14,1.3
Fichte,60,2026-08-15,1.1
Fichte,60,2026-08-16,0.8
Fichte,60,2026-08-17,0.6
Fichte,60,2026-08-18,0.4
Fichte,60,2026-08-19,0.2
Fichte,60,2026-08-20,0.1
Fichte,60,2026-08-21,0
Fichte,60,2026-08-22,0.7
Fichte,60,2026-08-23,0.8
Fichte,60,2026-08-24,0.8
Fichte,60,2026-08-25,0.7
Fichte,60,2026-08-26,0.7
Fichte,60,2026-08-27,0.5
Fichte,60,2026-08-28,7.7
Fichte,60,2026-08-29,10.3
Fichte,60,2026-08-30,8.9
Fichte,60,2026-08-31,7.8
Fichte,60,2026-09-01,6.6
Fichte,60,2026-09-02,5.6
Fichte,60,2026-09-03,4.8
Fichte,60,2026-09-04,4.1
Fichte,60,2026-09-05,3.6
Fichte,60,2026-09-06,3.2
Fichte,60,2026-09-07,2.8
Fichte,60,2026-09-08,2.4
Fichte,60,2026-09-09,2.1
Fichte,60,2026-09-10,1.7
Fichte,60,2026-09-11,1.4
