Tiefe_cm,Tag_des_Jahres,Datum_MM_DD,Min,Q10,Q25,Median,Q75,Q90,Max
15,1,01-01,65.2,82.7,88.8,102.7,119.4,124.7,133.2
15,2,01-02,65.6,82.9,88.9,102.8,119.3,124.6,133.0
15,3,01-03,66.7,82.9,89.1,102.7,119.2,124.4,132.8
15,4,01-04,67.7,82.9,89.5,102.5,119.1,124.7,132.5
15,5,01-05,68.4,82.7,89.7,102.2,119.1,124.7,132.2
15,6,01-06,69.1,82.5,89.8,101.9,119.0,124.8,131.9
15,7,01-07,69.6,82.3,89.9,101.7,119.0,124.9,132.0
15,8,01-08,70.1,82.0,90.2,101.4,118.9,124.9,131.7
15,9,01-09,70.5,81.9,90.3,101.2,118.8,124.8,131.3
15,10,01-10,70.8,81.9,90.4,101,118.6,124.6,130.9
15,11,01-11,71.2,82.0,90.8,100.9,118.8,124.8,130.6
15,12,01-12,71.7,82.0,91.1,100.4,118.9,124.8,130.2
15,13,01-13,72.1,82.1,91.2,100.3,118.9,124.4,129.8
15,14,01-14,72.5,81.8,91.0,100.3,118.9,124.0,129.2
15,15,01-15,72.9,81.4,90.7,100.6,118.7,123.8,128.5
15,16,01-16,73.3,80.9,90.3,100.8,118.5,123.8,127.8
15,17,01-17,73.6,80.3,89.9,100.8,118.4,124.0,127.4
15,18,01-18,73.9,80.2,89.6,100.9,118.4,124.1,127.2
15,19,01-19,74.2,80.2,89.4,100.9,118.1,123.6,127.3
15,20,01-20,74.6,80.1,89.4,100.9,117.7,123.4,128.0
15,21,01-21,75.5,80.3,89.4,101,117.7,123.1,128.2
15,22,01-22,76.0,80.6,89.5,101.2,117.6,123.0,128.4
15,23,01-23,76.5,81.0,89.6,101.7,117.8,123.0,129.1
15,24,01-24,76.9,81.9,90.0,102.1,118.0,122.7,129.4
15,25,01-25,77.2,82.7,90.5,102.5,118.0,122.5,129.8
15,26,01-26,77.4,83.4,90.9,102.8,118.0,122.2,130.5
15,27,01-27,77.8,84.0,91.2,103.1,117.9,121.9,130.6
15,28,01-28,78.1,84.4,91.3,103.3,117.9,121.7,130.9
15,29,01-29,78.4,84.7,91.4,103.7,117.8,121.4,131.4
15,30,01-30,78.7,84.8,91.4,104,117.7,121.2,131.9
15,31,01-31,79.0,84.9,91.5,104.2,117.4,120.9,132.2
15,32,02-01,79.3,85.3,91.6,104.7,117.3,120.7,132.6
15,33,02-02,79.6,85.7,91.8,104.7,117.3,121.0,132.9
15,34,02-03,79.9,86.1,92.2,104.8,117.3,121.2,133.1
15,35,02-04,80.2,86.4,92.6,104.6,117.5,121.3,133.4
15,36,02-05,80.6,86.8,92.9,104.4,118.0,121.6,133.6
15,37,02-06,80.9,87.1,93.0,104.3,118.3,121.6,133.7
15,38,02-07,81.4,87.0,93.5,104.6,118.5,121.6,133.7
15,39,02-08,81.8,87.3,93.9,104.5,118.4,121.5,133.4
15,40,02-09,81.2,87.5,93.9,104.4,118.2,121.2,132.6
15,41,02-10,80.1,87.2,93.9,104.1,117.9,121.0,132.2
15,42,02-11,79.0,87.0,93.9,104.1,117.9,120.9,131.8
15,43,02-12,77.4,86.8,93.7,103.9,117.5,120.9,130.9
15,44,02-13,75.9,86.2,93.3,103.9,117.2,121.1,130.5
15,45,02-14,74.4,85.7,92.7,103.8,116.7,121.3,130.0
15,46,02-15,72.9,85.4,92.2,103.7,116.2,121.4,129.3
15,47,02-16,71.3,85.2,91.7,103.7,116.2,121.6,128.9
15,48,02-17,69.6,85.2,91.2,103.7,116.2,121.8,128.8
15,49,02-18,68.0,85.2,91.2,103.5,116.4,122.0,128.6
15,50,02-19,66.9,85.2,91.3,103.2,116.4,122.2,128.4
15,51,02-20,66.3,85.2,91.4,102.9,116.4,122.4,128.5
15,52,02-21,65.7,84.9,91.3,102.4,116.1,122.6,128.4
15,53,02-22,65.1,84.6,91.1,101.9,115.6,122.4,128.4
15,54,02-23,64.9,84.4,90.9,101.5,115.1,122.2,128.3
15,55,02-24,64.7,84.1,90.6,101.3,114.7,122.4,128.4
15,56,02-25,64.3,83.8,90.6,101.2,113.9,122.4,129.1
15,57,02-26,63.9,83.7,90.6,101,113.0,122.6,129.5
15,58,02-27,63.5,83.7,90.4,100.8,112.3,122.7,129.8
15,59,02-28,63.4,83.3,90.2,100.6,111.8,122.7,129.9
15,60,03-01,64.2,83.0,90.1,100.4,111.4,122.8,130.1
15,61,03-02,64.8,82.6,90.1,100.3,111.0,122.9,130.3
15,62,03-03,65.4,82.0,89.9,100.1,111.2,123.1,130.6
15,63,03-04,66.0,81.4,89.9,100,111.1,122.8,130.8
15,64,03-05,66.9,81.2,89.4,99.6,110.8,122.1,130.3
15,65,03-06,67.9,80.8,89.0,99.3,110.7,121.6,129.8
15,66,03-07,68.9,80.3,88.4,98.9,110.5,120.9,129.1
15,67,03-08,70.1,79.8,88.1,98.5,109.9,120.2,128.4
15,68,03-09,71.3,79.4,87.8,98.1,109.1,119.6,127.3
15,69,03-10,72.5,78.9,87.2,97.8,108.1,118.8,126.3
15,70,03-11,73.0,78.5,86.5,97.4,107.2,117.9,125.2
15,71,03-12,72.9,78.1,86.3,97.2,106.5,116.8,123.7
15,72,03-13,72.7,77.7,86.0,97.1,105.9,115.8,122.4
15,73,03-14,72.4,77.3,85.9,97,105.6,114.9,121.1
15,74,03-15,71.6,76.9,85.8,96.6,105.4,114.2,120.2
15,75,03-16,70.8,76.5,85.6,96.2,105.0,113.3,119.9
15,76,03-17,70.0,76.1,85.2,96.2,104.6,112.4,119.1
15,77,03-18,69.2,75.4,84.8,96.2,104.2,111.1,118.4
15,78,03-19,68.3,74.6,84.2,95.8,103.9,110.1,117.8
15,79,03-20,66.9,73.9,83.6,95.5,103.8,110.1,117.4
15,80,03-21,65.5,73.5,82.9,95.2,103.9,110.1,116.9
15,81,03-22,64.1,72.9,82.3,94.8,104.0,110.0,116.4
15,82,03-23,62.8,72.3,81.7,94.2,103.5,109.8,116.2
15,83,03-24,61.4,71.7,81.0,93.4,103.1,109.8,115.8
15,84,03-25,60.3,70.6,80.6,92.9,102.8,110.1,116.3
15,85,03-26,59.5,69.8,80.2,92.5,102.7,110.3,116.6
15,86,03-27,58.5,69.1,79.9,92.2,102.9,110.7,116.9
15,87,03-28,57.4,68.3,79.5,91.8,103.1,111.1,117.2
15,88,03-29,56.2,67.6,79.0,91.5,103.4,111.5,117.8
15,89,03-30,55.0,66.7,78.5,91.3,103.7,111.9,118.3
15,90,03-31,53.9,65.9,77.9,91.2,103.9,112.5,118.9
15,91,04-01,52.8,65.0,77.2,91.3,104.0,113.0,119.8
15,92,04-02,51.8,64.0,76.4,91.3,104.3,113.3,121.4
15,93,04-03,50.8,63.1,75.4,91.1,104.3,113.3,122.5
15,94,04-04,49.9,62.1,74.5,91,104.0,113.0,123.3
15,95,04-05,49.0,61.2,73.6,90.7,103.8,112.6,123.2
15,96,04-06,48.1,60.6,72.7,90.4,103.5,112.7,123.1
15,97,04-07,47.7,60.2,72.4,90.2,103.8,113.4,122.9
15,98,04-08,47.6,59.7,72.2,90.1,104.0,114.1,122.7
15,99,04-09,47.6,59.0,71.9,89.9,103.7,113.8,122.3
15,100,04-10,47.7,58.1,71.6,89.7,103.2,113.5,122.1
15,101,04-11,47.8,57.4,70.8,89.5,102.5,113.2,121.9
15,102,04-12,47.8,56.8,70.0,89.2,101.8,112.9,121.4
15,103,04-13,47.7,56.3,69.2,89,101.7,112.6,121.1
15,104,04-14,46.9,55.8,68.4,88.6,101.9,112.2,120.4
15,105,04-15,45.7,55.1,67.6,88.3,101.9,111.7,119.9
15,106,04-16,44.9,54.4,66.8,88.5,101.6,111.2,119.5
15,107,04-17,44.9,54.0,66.8,89.1,101.4,111.1,119.9
15,108,04-18,45.0,53.9,66.9,89.6,101.4,110.9,120.1
15,109,04-19,45.3,53.9,67.6,90,101.5,110.5,120.4
15,110,04-20,45.9,54.0,68.1,90.3,101.6,110.1,120.5
15,111,04-21,46.5,54.4,68.6,90.5,101.7,110.4,120.4
15,112,04-22,47.1,54.7,69.1,90.9,101.6,111.1,119.7
15,113,04-23,47.8,55.1,69.8,91.3,101.7,111.9,119.4
15,114,04-24,48.5,55.9,71.0,91.9,102.1,112.8,119.6
15,115,04-25,49.2,57.3,72.2,92.5,102.4,113.6,119.6
15,116,04-26,49.9,58.2,73.4,92.8,102.9,113.7,119.8
15,117,04-27,51.0,58.8,74.2,92.8,103.0,113.5,120.2
15,118,04-28,52.0,59.9,75.0,93,103.1,113.1,120.4
15,119,04-29,53.2,61.2,75.7,93.3,103.3,112.9,120.7
15,120,04-30,54.4,62.6,76.3,93.4,103.6,112.6,120.9
15,121,05-01,56.0,64.0,77.3,93.6,103.8,112.4,120.9
15,122,05-02,57.6,65.3,78.3,94,104.0,112.3,121.4
15,123,05-03,59.2,66.5,79.4,94.4,103.7,112.3,121.9
15,124,05-04,60.7,67.5,80.6,94.8,102.9,112.2,122.4
15,125,05-05,62.2,68.3,81.8,95,102.5,112.2,122.9
15,126,05-06,63.2,69.1,82.9,94.7,102.5,112.2,123.3
15,127,05-07,63.5,69.5,83.1,94.4,102.6,112.4,123.5
15,128,05-08,63.5,69.5,83.2,94,102.7,112.7,123.2
15,129,05-09,63.4,69.5,82.6,94,102.6,113.1,122.9
15,130,05-10,63.0,69.6,82.1,93.9,102.7,113.3,122.8
15,131,05-11,63.0,69.7,81.9,93.8,102.5,113.3,122.7
15,132,05-12,63.3,70.2,82.1,93.4,102.3,113.2,123.2
15,133,05-13,64.2,71.0,82.1,92.9,102.2,113.3,123.5
15,134,05-14,64.9,71.3,81.5,92.8,102.0,113.5,123.5
15,135,05-15,65.6,70.8,80.8,92.5,101.9,113.7,123.6
15,136,05-16,66.3,70.4,80.2,92.1,101.7,113.6,124.2
15,137,05-17,66.0,70.1,79.2,91.8,101.3,113.5,124.5
15,138,05-18,65.5,69.4,78.0,91.4,101.0,114.1,124.8
15,139,05-19,64.8,68.4,76.8,90.9,100.8,114.5,125.7
15,140,05-20,64.0,67.4,75.6,90.7,101.2,115.3,126.1
15,141,05-21,62.9,66.3,74.3,90.3,101.4,116.4,127.3
15,142,05-22,61.7,65.0,73.0,89.9,101.5,117.4,128.2
15,143,05-23,60.6,63.8,71.4,89.7,102.1,118.6,128.8
15,144,05-24,59.5,62.6,69.8,89.5,102.7,119.3,129.1
15,145,05-25,58.5,61.5,69.1,89.4,103.0,119.7,129.3
15,146,05-26,57.5,60.5,69.2,89.4,103.1,119.9,129.6
15,147,05-27,56.5,59.6,69.2,89.4,103.2,119.6,129.2
15,148,05-28,55.6,58.6,69.2,89.4,102.9,119.3,129.1
15,149,05-29,54.6,57.7,69.1,89.3,102.7,119.2,129.1
15,150,05-30,53.7,56.7,69.0,89,102.8,119.1,129.2
15,151,05-31,52.4,55.5,68.8,88.5,102.8,118.3,129.5
15,152,06-01,51.1,55.5,68.2,88.3,102.6,117.4,129.5
15,153,06-02,49.3,55.0,67.8,88,102.0,117.1,129.5
15,154,06-03,47.5,54.5,67.4,87.3,101.2,116.8,129.3
15,155,06-04,45.8,54.1,67.0,86.5,100.4,116.7,129.2
15,156,06-05,44.1,53.5,66.2,86.1,100.4,116.8,128.6
15,157,06-06,42.4,53.0,66.1,85.8,101.0,116.8,127.9
15,158,06-07,40.7,52.3,66.2,85.5,101.0,116.5,127.3
15,159,06-08,38.9,51.6,66.3,85.3,100.9,116.1,126.3
15,160,06-09,37.1,50.9,66.5,85.5,100.3,115.3,125.4
15,161,06-10,35.4,50.1,66.6,85.4,100.1,113.9,123.7
15,162,06-11,34.0,49.3,66.7,85.2,100.1,112.4,122.0
15,163,06-12,32.9,48.6,66.8,84.6,99.6,111.2,121.1
15,164,06-13,32.3,48.8,67.0,83.9,99.2,110.4,120.4
15,165,06-14,31.5,48.7,66.1,83,99.3,110.1,119.6
15,166,06-15,30.8,48.7,64.6,81.9,99.6,110.1,119.1
15,167,06-16,30.1,48.5,63.1,80.4,99.3,109.9,118.6
15,168,06-17,29.3,48.2,61.5,79,99.0,109.4,118.3
15,169,06-18,29.2,48.1,60.0,77.4,98.5,108.8,118.2
15,170,06-19,29.0,47.9,58.6,75.9,98.2,108.5,117.8
15,171,06-20,28.8,47.7,57.0,74.8,98.1,108.9,117.2
15,172,06-21,28.0,46.0,55.5,74.3,98.7,109.5,116.3
15,173,06-22,27.1,44.5,54.4,73.9,99.3,109.2,115.6
15,174,06-23,26.2,43.1,53.2,73.4,100.1,108.8,115.7
15,175,06-24,25.2,41.8,52.2,73,101.2,109.0,115.7
15,176,06-25,24.2,40.3,51.5,72.1,101.5,109.1,115.5
15,177,06-26,23.4,38.9,50.8,71.4,101.3,109.5,115.4
15,178,06-27,23.7,38.6,50.1,71.3,101.5,109.4,115.4
15,179,06-28,23.9,38.6,49.6,71.1,102.2,109.5,115.4
15,180,06-29,23.8,38.6,49.0,70.5,102.6,109.6,115.7
15,181,06-30,23.7,38.8,48.3,69.9,103.0,109.7,115.8
15,182,07-01,23.4,39.2,48.2,69.6,103.3,110.1,115.8
15,183,07-02,23.6,39.7,48.9,69.4,103.6,110.0,115.5
15,184,07-03,24.1,39.5,49.4,70,104.4,110.4,116.1
15,185,07-04,24.6,39.2,49.9,70.8,104.4,110.6,116.3
15,186,07-05,25.2,39.0,50.5,71.6,104.5,110.5,116.4
15,187,07-06,25.7,39.6,51.5,72.7,104.7,110.7,116.6
15,188,07-07,26.1,40.8,52.9,74.1,105.0,110.7,116.5
15,189,07-08,25.8,41.6,54.0,75.4,105.3,110.7,116.1
15,190,07-09,25.4,42.1,54.7,76.4,105.0,110.3,115.5
15,191,07-10,25.1,42.5,55.1,77.2,104.6,109.3,114.6
15,192,07-11,25.0,43.0,55.4,77.2,103.5,108.3,114.5
15,193,07-12,24.9,43.4,56.0,77.4,102.9,107.4,114.7
15,194,07-13,24.9,43.9,56.6,77.6,102.4,106.5,113.9
15,195,07-14,24.8,44.4,57.6,77.9,101.2,105.2,113.0
15,196,07-15,24.7,45.1,58.5,78.4,100.3,104.0,112.1
15,197,07-16,24.4,45.8,59.1,78.7,99.5,102.7,111.0
15,198,07-17,24.2,46.2,60.0,78.6,98.7,101.9,110.2
15,199,07-18,23.7,46.0,60.6,78.3,98.1,102.2,110.4
15,200,07-19,23.7,45.9,61.3,78.8,97.8,102.1,110.3
15,201,07-20,24.2,45.6,62.1,79.5,97.6,102.0,111.0
15,202,07-21,24.6,45.0,62.4,79.9,97.1,101.8,111.3
15,203,07-22,24.1,44.1,61.9,80.6,96.8,101.7,111.2
15,204,07-23,23.0,43.2,60.1,80.7,96.8,101.3,110.5
15,205,07-24,21.8,42.3,58.5,81,96.3,101.1,110.4
15,206,07-25,20.7,41.3,56.7,81.2,96.2,101.0,110.1
15,207,07-26,19.8,39.7,54.6,81,95.8,100.8,109.7
15,208,07-27,19.0,37.5,52.0,80.6,95.7,100.7,109.6
15,209,07-28,18.2,35.8,50.6,80.5,95.8,100.7,109.6
15,210,07-29,17.5,34.3,50.7,80.1,95.7,101.1,109.7
15,211,07-30,17.2,32.9,51.0,79.6,95.6,101.6,109.9
15,212,07-31,17.0,32.7,51.5,79.5,95.6,101.8,109.5
15,213,08-01,16.8,32.7,51.1,79.2,95.2,102.1,109.2
15,214,08-02,16.7,32.4,50.9,79,94.8,102.7,109.3
15,215,08-03,16.7,31.9,50.4,79.1,95.0,102.9,109.5
15,216,08-04,16.8,31.3,49.7,78.9,94.8,103.0,109.8
15,217,08-05,16.9,30.9,48.8,78.6,94.3,103.0,110.7
15,218,08-06,15.9,30.2,47.9,78.1,94.0,102.5,111.6
15,219,08-07,15.5,29.7,47.1,78.2,93.2,101.3,111.4
15,220,08-08,14.7,29.2,46.2,77.5,92.4,100.9,111.1
15,221,08-09,13.8,28.9,45.8,77.3,91.7,100.6,110.3
15,222,08-10,13.6,28.7,45.4,77.2,91.0,100.2,109.8
15,223,08-11,13.8,28.7,45.0,76.7,90.1,99.3,109.4
15,224,08-12,14.0,28.8,46.0,76,88.6,98.9,109.5
15,225,08-13,14.1,29.0,47.0,75.1,87.5,98.4,109.1
15,226,08-14,14.3,29.2,48.0,74.1,86.5,98.1,109.2
15,227,08-15,14.4,29.4,48.9,73.5,86.4,97.8,109.1
15,228,08-16,14.5,29.7,49.8,72.9,86.2,98.1,110.0
15,229,08-17,14.9,30.5,50.2,72.1,86.0,98.3,110.9
15,230,08-18,16.2,31.6,49.6,72,86.2,98.2,111.7
15,231,08-19,17.2,32.6,48.9,72.6,86.7,98.7,112.4
15,232,08-20,17.9,32.4,48.0,72.6,87.2,99.5,113.2
15,233,08-21,18.6,32.0,47.4,73.1,87.6,100.0,113.5
15,234,08-22,19.2,32.0,46.8,72.9,88.4,99.9,114.0
15,235,08-23,19.8,32.1,46.7,73,88.8,99.8,114.5
15,236,08-24,20.3,32.3,46.6,73.1,89.1,99.7,114.8
15,237,08-25,20.9,32.5,46.5,73.3,89.4,99.5,114.5
15,238,08-26,21.8,32.4,46.3,73.2,89.4,99.3,114.1
15,239,08-27,22.6,32.2,46.1,72.5,89.1,99.8,114.0
15,240,08-28,23.4,32.2,46.0,71.9,88.8,99.4,114.3
15,241,08-29,24.1,32.7,45.4,70.7,88.4,99.0,114.6
15,242,08-30,24.0,33.3,45.0,70.2,88.4,99.6,114.8
15,243,08-31,23.6,33.8,45.2,69.7,88.8,100.3,115.1
15,244,09-01,23.2,34.2,45.5,69.3,89.3,100.6,114.7
15,245,09-02,22.9,34.6,45.8,69.1,90.3,101.6,115.4
15,246,09-03,22.6,35.0,46.3,68.9,90.6,102.1,116.0
15,247,09-04,22.2,35.4,46.9,69,90.9,102.5,116.6
15,248,09-05,21.9,36.0,47.5,69.4,90.9,102.3,116.1
15,249,09-06,21.3,35.7,47.9,69.9,90.8,102.6,115.6
15,250,09-07,19.9,35.6,48.0,70.3,90.5,103.2,115.4
15,251,09-08,20.6,36.0,48.4,70.1,90.0,103.0,115.5
15,252,09-09,21.4,36.6,49.2,70,89.5,102.8,115.5
15,253,09-10,22.2,37.1,49.8,69.6,89.2,102.6,115.1
15,254,09-11,23.1,37.6,50.1,70,88.4,102.7,114.5
15,255,09-12,24.0,37.9,50.3,70,88.2,103.4,114.4
15,256,09-13,24.8,38.4,51.1,70.3,88.1,104.0,114.5
15,257,09-14,25.6,39.0,52.0,70.6,88.7,105.1,114.6
15,258,09-15,26.0,39.7,53.0,71.1,89.4,106.5,114.7
15,259,09-16,26.4,40.4,54.2,71.7,90.4,106.7,114.5
15,260,09-17,27.4,41.2,55.5,72.8,91.4,107.5,114.1
15,261,09-18,28.4,41.5,56.7,74,92.3,108.2,114.1
15,262,09-19,29.3,41.5,57.8,74.5,92.7,108.1,113.8
15,263,09-20,30.2,41.5,58.2,75,92.7,107.9,113.5
15,264,09-21,31.1,41.6,58.6,75.6,92.6,107.5,113.1
15,265,09-22,31.9,41.9,59.0,76.3,92.1,106.5,113.0
15,266,09-23,32.7,42.2,59.5,77.3,92.0,105.5,112.1
15,267,09-24,34.1,42.7,60.4,77.9,91.3,104.7,111.5
15,268,09-25,35.5,43.3,61.6,78.5,91.3,104.4,111.0
15,269,09-26,36.9,43.9,62.7,79.2,91.4,104.1,111.0
15,270,09-27,38.4,44.8,63.8,79.7,91.9,104.0,110.8
15,271,09-28,37.8,45.2,64.9,80.4,92.5,103.9,111.0
15,272,09-29,37.1,45.4,65.5,81.1,93.0,103.8,110.8
15,273,09-30,36.6,45.5,66.1,81.6,93.6,104.1,111.0
15,274,10-01,36.0,45.6,66.7,82.1,94.3,104.4,111.3
15,275,10-02,35.4,45.8,66.9,82.3,94.7,104.4,111.0
15,276,10-03,35.0,45.7,66.6,82.6,95.2,104.6,110.8
15,277,10-04,34.6,46.1,66.9,82.7,95.0,104.6,110.7
15,278,10-05,34.2,46.4,67.1,83.4,94.9,104.7,111.3
15,279,10-06,33.9,46.9,67.4,84.1,94.6,104.9,111.5
15,280,10-07,33.1,47.1,67.5,84,94.7,105.1,111.7
15,281,10-08,33.7,47.6,67.6,83.9,94.7,105.3,111.7
15,282,10-09,34.5,48.4,67.9,83.9,94.8,105.6,111.9
15,283,10-10,35.3,49.4,68.3,84.3,94.9,105.8,112.7
15,284,10-11,36.3,50.4,68.8,84.7,95.5,106.4,113.4
15,285,10-12,37.3,51.6,69.6,85.1,96.1,107.1,113.3
15,286,10-13,38.6,52.8,70.2,85.6,96.8,107.8,113.5
15,287,10-14,39.5,53.8,70.9,86,97.5,108.5,113.7
15,288,10-15,40.6,55.1,71.4,86.3,97.9,108.9,113.7
15,289,10-16,41.6,56.4,71.8,86.5,97.9,108.9,113.4
15,290,10-17,42.7,56.8,72.3,86.7,97.9,108.8,113.3
15,291,10-18,43.8,57.4,72.7,86.9,97.9,108.8,113.0
15,292,10-19,44.9,58.0,73.3,87.4,98.1,108.8,113.1
15,293,10-20,46.1,58.6,73.8,87.8,98.2,108.6,112.9
15,294,10-21,47.5,59.3,74.3,88.1,98.3,108.1,112.6
15,295,10-22,48.9,60.0,74.8,88.6,98.3,107.5,112.5
15,296,10-23,50.3,60.8,75.4,89,98.3,107.4,112.4
15,297,10-24,51.7,60.9,75.9,89.5,98.3,107.2,112.6
15,298,10-25,53.2,61.1,76.2,89.6,98.5,106.6,112.3
15,299,10-26,54.6,61.4,76.5,89.9,98.6,106.3,112.3
15,300,10-27,55.9,62.2,77.1,90.4,98.7,105.9,112.7
15,301,10-28,55.9,62.9,77.7,90.8,98.9,105.6,113.1
15,302,10-29,55.8,63.3,78.1,91.3,99.3,105.5,113.7
15,303,10-30,55.8,63.8,78.7,91.6,99.6,105.4,114.0
15,304,10-31,55.7,64.6,79.2,91.8,99.7,105.1,114.5
15,305,11-01,55.6,65.1,79.4,91.7,99.6,104.8,115.0
15,306,11-02,55.3,65.8,79.5,91.4,99.2,105.2,115.3
15,307,11-03,54.9,66.6,79.1,90.9,99.3,105.4,115.6
15,308,11-04,54.4,67.0,78.8,90.4,99.5,105.5,115.9
15,309,11-05,53.8,67.3,78.5,89.7,99.8,105.6,116.3
15,310,11-06,53.2,67.8,78.6,89.4,100.0,105.9,116.9
15,311,11-07,52.6,68.4,78.9,89.2,100.2,106.4,117.0
15,312,11-08,52.0,69.0,79.3,89.1,100.6,106.8,117.3
15,313,11-09,51.2,69.9,80.1,89.2,100.9,107.2,118.0
15,314,11-10,52.1,70.9,80.8,89.5,101.4,108.0,118.4
15,315,11-11,53.2,72.1,81.6,89.7,102.0,108.9,119.1
15,316,11-12,54.3,73.2,82.2,89.8,102.4,109.3,119.9
15,317,11-13,55.4,74.3,82.5,90.1,102.8,109.7,120.6
15,318,11-14,56.3,75.3,82.8,90.4,103.3,110.1,120.8
15,319,11-15,57.3,76.0,82.8,90.9,103.9,110.5,121.0
15,320,11-16,58.2,76.2,82.9,91.3,104.3,111.0,120.8
15,321,11-17,59.1,76.4,83.1,91.7,104.6,111.2,120.7
15,322,11-18,60.1,76.7,83.3,92,105.1,111.6,120.5
15,323,11-19,61.0,77.2,83.4,92.7,105.6,111.9,120.1
15,324,11-20,62.0,77.6,83.6,93.3,105.8,112.2,119.7
15,325,11-21,63.0,77.9,83.9,94,106.0,112.3,119.4
15,326,11-22,64.0,78.1,84.4,94.8,106.2,111.9,119.3
15,327,11-23,65.0,78.2,84.7,95.5,106.2,111.8,119.3
15,328,11-24,66.0,78.2,85.2,96.1,106.2,112.1,119.2
15,329,11-25,67.0,78.2,85.7,96.9,106.3,112.4,119.3
15,330,11-26,68.0,78.1,86.0,97.5,106.6,112.5,119.2
15,331,11-27,69.0,78.1,86.0,98,106.9,112.5,119.1
15,332,11-28,70.1,78.1,85.9,98.3,107.1,112.7,119.1
15,333,11-29,71.1,78.2,85.9,98.5,107.3,112.7,118.8
15,334,11-30,70.4,78.2,86.0,98.8,107.3,112.5,118.7
15,335,12-01,69.4,78.1,85.9,99.2,107.5,112.4,118.4
15,336,12-02,68.5,78.1,86.0,99.5,107.9,112.5,118.0
15,337,12-03,67.7,78.1,86.1,99.7,108.5,112.7,117.3
15,338,12-04,67.0,78.1,86.1,99.9,108.7,112.9,117.6
15,339,12-05,66.3,78.2,86.1,99.8,108.8,113.1,117.7
15,340,12-06,65.7,78.2,86.3,99.5,108.9,113.1,117.7
15,341,12-07,65.1,78.2,86.4,99.6,109.0,113.4,117.9
15,342,12-08,64.6,78.2,86.4,99.5,108.9,113.2,118.1
15,343,12-09,64.1,77.9,86.4,98.8,108.8,113.5,118.6
15,344,12-10,63.6,78.0,86.3,98.2,109.2,114.0,119.0
15,345,12-11,63.2,78.1,86.1,98,109.9,114.6,119.1
15,346,12-12,62.8,78.1,85.8,98.3,110.7,115.1,119.5
15,347,12-13,62.4,78.0,85.5,98.9,111.4,115.4,119.5
15,348,12-14,62.0,78.0,85.2,99.3,111.8,115.5,119.6
15,349,12-15,61.8,78.0,85.5,99.4,112.1,115.5,119.9
15,350,12-16,61.7,78.0,85.7,99.5,112.1,115.5,120.4
15,351,12-17,61.7,77.9,85.9,99.7,112.0,115.6,120.8
15,352,12-18,61.8,77.6,86.1,99.7,111.7,115.7,121.0
15,353,12-19,61.9,77.1,85.9,99.8,111.9,115.9,121.4
15,354,12-20,62.1,76.5,85.5,99.7,112.2,116.2,121.5
15,355,12-21,62.3,76.5,85.4,99.6,112.4,116.4,122.1
15,356,12-22,62.3,76.3,85.3,99.5,112.3,116.4,122.5
15,357,12-23,62.3,76.2,85.3,99.4,112.2,116.5,122.9
15,358,12-24,62.4,76.1,85.3,99.3,112.2,116.5,122.6
15,359,12-25,62.5,76.1,85.5,99.4,112.3,116.6,122.6
15,360,12-26,62.5,76.1,85.2,99.6,112.5,116.7,122.8
15,361,12-27,62.7,76.3,85.2,99.8,112.7,116.9,123.0
15,362,12-28,62.8,76.6,85.2,100.3,113.0,117.2,123.1
15,363,12-29,63.0,76.8,85.3,101.1,113.5,117.4,123.0
15,364,12-30,63.2,76.2,85.5,102.3,113.6,117.1,122.9
15,365,12-31,63.5,75.7,85.6,102.8,113.1,117.0,
30,1,01-01,61.1,82.1,88.3,104.2,113.5,120.1,126.9
30,2,01-02,62.0,82.3,88.5,104.3,113.2,119.9,126.5
30,3,01-03,63.7,82.5,88.6,104.1,112.9,119.4,125.8
30,4,01-04,65.2,82.9,88.6,103.7,112.6,119.0,125.8
30,5,01-05,66.6,83.1,88.5,103.2,112.6,118.8,125.7
30,6,01-06,67.6,83.2,88.3,102.7,112.1,118.5,125.6
30,7,01-07,68.5,83.2,88.1,102.1,111.5,118.2,126.3
30,8,01-08,69.1,83.2,88.3,101.8,111.5,117.9,126.4
30,9,01-09,69.7,83.2,88.5,101.4,111.3,117.5,126.0
30,10,01-10,70.2,83.1,88.5,101.1,110.9,117.1,125.5
30,11,01-11,71.2,83.5,88.5,101,110.8,117.0,125.7
30,12,01-12,72.1,83.9,88.6,100.6,110.7,117.2,126.0
30,13,01-13,72.9,84.3,88.6,100.2,110.6,117.1,125.4
30,14,01-14,73.8,84.4,88.6,100.3,110.3,116.7,124.7
30,15,01-15,74.5,84.0,88.2,100.4,110.0,116.5,124.1
30,16,01-16,75.3,83.2,87.6,100.2,109.7,116.4,123.5
30,17,01-17,75.9,82.4,87.1,99.9,109.5,116.3,123.8
30,18,01-18,76.6,81.9,86.5,99.8,109.6,116.0,124.1
30,19,01-19,77.2,81.5,86.3,100.1,109.7,115.9,123.5
30,20,01-20,77.8,81.0,86.6,100.2,109.8,115.6,124.6
30,21,01-21,78.5,81.4,87.6,100.5,110.0,115.7,124.8
30,22,01-22,78.6,82.4,88.4,100.7,110.4,116.4,125.5
30,23,01-23,78.5,83.4,89.2,101.3,111.1,117.5,127.5
30,24,01-24,79.2,84.1,89.9,102,112.4,118.8,128.5
30,25,01-25,79.8,84.7,90.5,102.8,113.1,119.5,128.9
30,26,01-26,80.4,85.3,91.1,103.6,113.6,119.7,129.9
30,27,01-27,81.0,85.8,91.5,104.3,114.1,120.0,129.7
30,28,01-28,81.5,86.3,91.6,104.6,114.2,120.7,129.7
30,29,01-29,82.1,86.7,91.8,105.1,114.5,120.9,129.9
30,30,01-30,82.5,87.1,91.9,105.5,114.9,121.2,130.2
30,31,01-31,82.8,87.5,91.9,105.8,115.2,121.5,130.3
30,32,02-01,83.2,87.9,92.3,106.1,115.2,121.3,130.1
30,33,02-02,83.4,88.2,93.0,106.3,114.9,121.2,130.3
30,34,02-03,83.6,88.5,93.5,106.2,114.9,121.2,130.5
30,35,02-04,83.8,88.9,94.0,106.3,115.0,121.2,130.8
30,36,02-05,84.0,89.2,94.3,106.6,115.6,121.6,131.4
30,37,02-06,84.1,89.5,94.7,106.7,115.7,121.9,131.5
30,38,02-07,84.3,89.6,95.8,107,115.9,122.4,131.5
30,39,02-08,84.4,90.7,96.5,106.8,115.7,122.2,131.3
30,40,02-09,84.3,90.6,96.5,106.6,115.5,121.4,129.3
30,41,02-10,84.0,90.0,95.9,106.2,115.1,120.7,128.2
30,42,02-11,83.6,89.0,95.7,106.1,114.8,120.0,127.4
30,43,02-12,82.9,87.9,95.6,105.8,114.2,119.2,125.5
30,44,02-13,81.2,86.9,95.5,105.4,113.1,118.1,124.3
30,45,02-14,79.4,86.1,95.5,105.1,112.3,118.0,124.4
30,46,02-15,77.8,85.5,95.4,104.7,111.9,118.3,123.5
30,47,02-16,76.1,85.1,95.3,104.4,111.7,118.4,122.9
30,48,02-17,74.4,84.6,95.3,104.4,111.6,117.8,123.2
30,49,02-18,72.7,84.2,95.1,104.2,111.6,118.0,123.5
30,50,02-19,72.1,83.7,95.0,103.9,111.6,118.7,123.8
30,51,02-20,71.7,83.2,95.1,103.7,111.7,118.9,124.9
30,52,02-21,71.2,82.8,94.8,103.4,111.5,118.8,125.5
30,53,02-22,70.7,82.3,94.1,103.2,111.1,119.2,125.9
30,54,02-23,70.4,81.8,93.8,102.8,110.8,119.6,126.0
30,55,02-24,70.1,81.6,93.8,102.5,111.1,119.7,126.6
30,56,02-25,69.8,81.5,93.9,102,110.7,119.8,127.9
30,57,02-26,69.6,81.4,93.9,101.9,110.7,120.0,128.5
30,58,02-27,69.8,81.5,93.0,101.6,110.7,120.3,128.9
30,59,02-28,69.9,80.6,92.5,101.5,110.4,120.0,129.2
30,60,03-01,70.3,80.7,92.1,101.4,110.1,120.0,129.3
30,61,03-02,70.7,81.2,91.8,101.1,110.1,119.9,129.7
30,62,03-03,71.1,81.3,91.1,101,110.7,120.3,129.9
30,63,03-04,71.5,81.3,90.3,101.1,110.8,120.4,130.3
30,64,03-05,72.1,81.4,89.5,101,110.6,120.3,130.8
30,65,03-06,72.6,81.3,88.8,100.8,110.9,119.7,130.2
30,66,03-07,73.3,81.0,88.2,100.6,110.8,119.0,129.8
30,67,03-08,74.1,80.6,87.6,100.2,110.4,118.1,129.6
30,68,03-09,75.0,80.5,87.4,99.8,109.7,117.8,128.5
30,69,03-10,76.0,80.3,87.2,99.2,108.6,116.9,127.4
30,70,03-11,75.9,80.2,86.8,98.6,107.6,115.5,126.2
30,71,03-12,75.6,80.2,86.3,98.1,106.8,114.3,124.6
30,72,03-13,75.5,80.0,86.0,97.6,106.2,113.7,123.4
30,73,03-14,75.1,79.8,85.7,97,106.1,112.5,122.5
30,74,03-15,74.6,79.6,85.1,96.4,106.4,111.9,122.2
30,75,03-16,74.0,79.2,84.5,95.9,105.7,111.5,121.0
30,76,03-17,73.4,78.7,84.0,95.2,105.2,110.6,118.9
30,77,03-18,72.6,78.1,83.5,94.4,104.4,109.5,116.9
30,78,03-19,71.4,77.4,82.9,93.4,103.4,108.0,115.4
30,79,03-20,70.1,76.8,81.8,92.6,103.0,108.0,115.1
30,80,03-21,68.6,76.0,80.9,91.7,102.8,108.1,114.9
30,81,03-22,67.0,74.6,80.0,91.3,103.0,108.2,114.8
30,82,03-23,65.3,73.2,79.3,90.4,102.2,107.4,115.1
30,83,03-24,63.6,71.9,78.5,89.4,101.6,106.7,114.8
30,84,03-25,62.0,70.4,77.8,88.7,101.1,106.3,114.5
30,85,03-26,60.6,68.9,77.2,88,100.3,106.0,114.5
30,86,03-27,59.3,67.6,76.5,87.3,100.4,106.3,114.8
30,87,03-28,58.0,66.2,75.9,86.6,100.4,106.9,115.1
30,88,03-29,56.5,65.1,75.0,86,100.4,107.0,116.2
30,89,03-30,54.9,63.9,74.2,85.5,100.5,107.0,117.2
30,90,03-31,53.2,62.7,73.4,85.3,100.6,107.0,118.3
30,91,04-01,51.4,61.4,72.8,85.3,100.7,107.1,118.8
30,92,04-02,49.6,60.4,72.1,85.2,101.4,108.2,121.0
30,93,04-03,48.0,59.3,71.5,85,101.8,109.2,121.8
30,94,04-04,46.4,58.2,71.0,84.6,101.4,109.2,121.9
30,95,04-05,44.9,57.2,70.2,84.1,101.1,108.9,122.0
30,96,04-06,43.5,56.2,69.4,83.7,100.8,109.1,122.2
30,97,04-07,42.5,55.5,68.8,83.7,101.3,109.4,122.5
30,98,04-08,42.0,54.6,68.5,84.1,101.6,110.2,123.8
30,99,04-09,41.7,53.5,68.3,84.1,101.3,110.0,123.3
30,100,04-10,41.5,52.6,68.0,84,100.9,109.4,123.0
30,101,04-11,41.2,51.8,67.3,83.8,99.9,108.5,122.8
30,102,04-12,40.9,51.1,66.6,83.4,98.9,107.7,121.9
30,103,04-13,40.6,50.4,66.0,82.9,98.3,107.2,121.4
30,104,04-14,40.1,49.9,65.3,82.4,97.8,107.2,120.6
30,105,04-15,39.2,49.3,64.7,81.9,98.1,107.0,119.9
30,106,04-16,38.1,48.8,64.1,82,97.9,106.5,119.0
30,107,04-17,37.2,48.4,64.0,82.7,98.4,106.2,118.9
30,108,04-18,37.0,47.6,64.0,83.7,98.9,106.3,118.9
30,109,04-19,36.9,47.3,64.5,84.7,99.4,106.8,118.6
30,110,04-20,36.9,47.0,64.9,85.4,99.7,107.2,118.2
30,111,04-21,36.9,46.8,65.2,85.8,100.4,107.8,118.1
30,112,04-22,37.1,46.6,65.5,86.6,100.5,107.3,116.8
30,113,04-23,37.3,46.4,65.8,87.4,100.5,106.8,116.7
30,114,04-24,37.5,46.6,66.8,88.5,100.8,107.2,117.0
30,115,04-25,37.9,48.0,68.0,89.5,101.2,108.2,117.9
30,116,04-26,38.1,49.3,69.3,90.4,101.7,108.7,118.3
30,117,04-27,38.6,50.5,70.5,90.7,101.5,109.9,119.5
30,118,04-28,40.1,52.0,71.5,90.9,101.8,110.0,119.2
30,119,04-29,41.5,53.6,72.5,91.3,102.1,110.1,119.4
30,120,04-30,42.9,55.1,73.4,91.7,102.4,110.4,119.3
30,121,05-01,44.6,56.6,74.7,92.1,102.7,111.3,119.2
30,122,05-02,46.3,58.0,75.8,92.9,104.1,112.7,119.9
30,123,05-03,48.0,59.3,76.8,93.5,104.8,113.9,120.6
30,124,05-04,49.7,60.9,77.7,93.9,105.4,114.3,121.0
30,125,05-05,51.4,62.5,78.6,94.3,105.0,114.6,121.4
30,126,05-06,53.0,64.1,79.5,94.1,104.8,114.8,121.5
30,127,05-07,54.4,65.4,79.8,93.7,104.5,115.5,121.7
30,128,05-08,55.1,66.5,80.0,93,104.2,115.7,122.0
30,129,05-09,55.8,67.3,79.7,92.5,103.9,115.5,122.1
30,130,05-10,56.4,67.9,79.5,92.1,104.0,115.4,122.3
30,131,05-11,57.0,68.8,79.6,91.8,103.6,115.5,123.1
30,132,05-12,57.9,69.6,79.7,91.3,103.4,115.4,123.5
30,133,05-13,58.9,70.6,79.9,91,103.2,115.8,123.6
30,134,05-14,59.9,71.2,79.7,90.9,103.4,115.8,123.6
30,135,05-15,60.9,70.5,79.1,90.8,103.4,115.1,122.9
30,136,05-16,62.0,69.7,78.2,90.7,103.2,114.2,123.6
30,137,05-17,62.6,68.9,77.2,90.6,103.2,112.6,123.7
30,138,05-18,61.8,68.1,76.1,90.3,102.8,112.3,124.0
30,139,05-19,60.9,67.1,74.9,89.7,102.6,111.9,125.6
30,140,05-20,60.1,66.0,73.7,89.1,103.2,112.8,126.4
30,141,05-21,59.0,65.0,72.3,88.4,103.7,113.3,128.8
30,142,05-22,58.0,64.0,70.9,87.4,103.0,113.6,130.9
30,143,05-23,56.9,63.0,69.5,86.7,103.7,114.1,131.5
30,144,05-24,55.8,61.7,68.1,86.3,104.0,113.9,131.7
30,145,05-25,55.0,60.4,67.6,86.6,104.3,113.6,132.0
30,146,05-26,54.1,59.1,67.2,87.2,104.6,113.7,132.2
30,147,05-27,53.2,58.0,66.7,87.3,104.8,113.0,132.6
30,148,05-28,52.3,56.9,66.2,87.2,105.0,112.8,131.7
30,149,05-29,51.5,55.9,66.0,86.9,105.1,112.6,130.9
30,150,05-30,50.6,54.9,65.8,86.3,105.2,112.6,130.3
30,151,05-31,49.7,53.7,65.3,85.7,104.8,112.0,129.6
30,152,06-01,48.7,53.7,65.1,85.7,104.3,111.4,129.7
30,153,06-02,47.7,53.3,64.6,85.5,103.6,111.7,129.6
30,154,06-03,46.6,53.0,64.0,84.6,102.4,111.7,129.5
30,155,06-04,45.5,52.5,63.4,83.5,101.2,112.0,129.5
30,156,06-05,44.2,52.0,63.1,82.3,101.0,112.4,128.5
30,157,06-06,42.8,51.4,62.9,81.6,101.4,112.8,127.1
30,158,06-07,41.4,50.5,62.8,81.5,101.6,112.9,126.7
30,159,06-08,40.0,49.6,62.8,81.4,101.8,113.2,125.2
30,160,06-09,38.6,48.8,62.8,81.5,101.1,112.0,124.0
30,161,06-10,37.2,47.9,63.0,81.6,100.4,110.7,120.7
30,162,06-11,36.0,46.9,63.2,81.7,100.0,109.1,117.2
30,163,06-12,35.1,45.9,63.4,81.6,98.7,107.4,115.9
30,164,06-13,34.3,46.0,63.7,81.4,97.9,106.5,115.0
30,165,06-14,33.2,45.9,63.0,80.4,97.3,106.2,115.0
30,166,06-15,32.1,45.7,62.3,79.1,96.9,106.1,115.4
30,167,06-16,31.1,45.4,61.5,77.8,96.5,106.0,114.2
30,168,06-17,30.0,45.0,60.5,76.7,96.1,105.4,113.3
30,169,06-18,29.7,44.7,59.2,75.6,95.7,104.9,112.8
30,170,06-19,29.4,44.5,57.8,74.6,95.2,104.7,113.0
30,171,06-20,28.9,44.2,56.4,74.1,94.8,104.7,113.1
30,172,06-21,28.0,42.6,54.9,73.3,94.8,105.0,112.4
30,173,06-22,26.9,41.6,53.5,73.1,95.2,104.0,111.6
30,174,06-23,25.8,40.7,52.2,73.5,95.6,103.2,111.4
30,175,06-24,24.6,39.8,50.9,73.6,96.9,103.3,111.5
30,176,06-25,23.4,38.8,50.3,73.4,97.3,103.4,111.5
30,177,06-26,22.6,37.8,49.9,72.7,97.4,103.5,111.7
30,178,06-27,22.9,37.6,49.2,72.1,97.4,103.4,111.3
30,179,06-28,23.0,37.7,48.5,71.5,97.3,103.4,111.8
30,180,06-29,22.8,37.6,47.7,70.7,97.2,103.8,113.1
30,181,06-30,22.5,37.6,46.9,70,97.1,104.5,113.9
30,182,07-01,22.0,37.9,46.2,69.9,97.1,105.2,114.9
30,183,07-02,22.1,38.5,46.4,69.7,97.5,105.7,114.9
30,184,07-03,22.7,38.7,46.4,69.9,98.3,106.7,116.4
30,185,07-04,23.5,38.6,46.4,70.4,98.7,107.5,116.5
30,186,07-05,24.3,38.5,46.5,70.8,98.9,107.6,116.5
30,187,07-06,25.0,38.5,47.4,71.8,99.0,107.7,116.6
30,188,07-07,25.6,39.1,48.1,72.7,99.2,108.2,117.5
30,189,07-08,25.2,39.4,48.7,73.5,99.2,108.4,117.7
30,190,07-09,24.7,39.7,49.0,74.2,99.1,108.1,117.0
30,191,07-10,24.3,40.0,49.3,74.1,99.0,107.5,115.3
30,192,07-11,24.6,40.3,49.8,73.8,98.2,106.4,115.2
30,193,07-12,24.5,40.7,50.7,73.6,97.8,105.8,116.2
30,194,07-13,24.3,41.1,51.5,73.1,97.1,105.2,115.7
30,195,07-14,24.0,41.6,52.6,72.9,95.7,103.7,114.8
30,196,07-15,23.7,42.2,53.0,73.4,95.0,102.9,114.3
30,197,07-16,23.0,42.7,53.1,73.8,93.2,102.0,113.4
30,198,07-17,22.9,43.1,53.9,73.8,92.4,101.1,112.5
30,199,07-18,22.5,43.6,54.8,74.1,92.1,101.0,112.1
30,200,07-19,23.3,44.4,55.6,75,92.4,100.7,111.6
30,201,07-20,24.4,45.1,56.2,75.8,93.1,100.6,112.4
30,202,07-21,25.3,45.2,56.6,76,93.4,100.3,112.2
30,203,07-22,25.3,45.0,56.2,76.2,93.4,100.2,112.1
30,204,07-23,24.6,43.8,54.9,76.6,93.2,99.8,111.0
30,205,07-24,23.9,42.9,53.7,76.8,93.2,99.1,110.3
30,206,07-25,23.0,42.0,52.4,76.9,93.1,98.4,110.0
30,207,07-26,22.2,41.0,50.5,76.6,93.0,97.9,109.4
30,208,07-27,21.6,39.6,48.9,76.3,92.9,97.6,108.6
30,209,07-28,21.2,38.6,49.2,76.2,92.9,97.7,108.6
30,210,07-29,20.9,37.6,49.6,76.2,92.7,97.6,109.1
30,211,07-30,21.2,36.7,50.1,76.1,92.5,97.6,109.9
30,212,07-31,20.9,37.5,50.4,76.2,92.2,98.0,109.0
30,213,08-01,21.0,37.5,50.2,75.6,91.9,98.7,108.0
30,214,08-02,21.3,37.3,50.1,75.5,92.3,99.3,108.3
30,215,08-03,21.7,36.9,49.7,75.8,92.9,100.0,108.3
30,216,08-04,22.3,36.3,49.1,75.8,92.6,99.7,107.8
30,217,08-05,22.8,35.9,48.5,75.8,92.9,99.4,108.8
30,218,08-06,21.7,35.5,47.6,75.6,92.5,99.0,109.9
30,219,08-07,21.1,34.7,47.0,75.4,91.8,98.8,109.5
30,220,08-08,19.6,33.8,46.4,74.3,91.2,98.6,108.8
30,221,08-09,18.1,33.1,46.1,73.7,90.1,98.1,107.4
30,222,08-10,17.6,32.8,45.7,73.4,89.3,97.8,106.5
30,223,08-11,17.5,32.7,45.5,72.9,88.1,97.1,105.8
30,224,08-12,17.4,32.8,46.0,71.9,86.8,96.4,106.2
30,225,08-13,17.3,33.1,46.5,71,85.6,95.6,106.4
30,226,08-14,17.2,33.4,46.9,70.3,84.6,95.9,105.9
30,227,08-15,17.1,33.8,47.2,70,84.6,95.8,106.0
30,228,08-16,17.1,34.1,47.4,69.6,84.5,96.9,107.3
30,229,08-17,17.4,34.3,46.2,69.1,84.6,97.2,108.3
30,230,08-18,18.0,34.9,45.5,68.6,85.1,97.5,108.7
30,231,08-19,18.1,35.7,44.9,68.9,85.9,98.5,109.2
30,232,08-20,18.1,34.7,43.9,68.9,86.6,99.1,110.3
30,233,08-21,18.2,33.9,43.7,69,87.8,99.3,110.7
30,234,08-22,18.2,33.9,43.5,68.3,88.5,99.2,110.7
30,235,08-23,18.2,34.4,43.5,67.6,88.5,99.0,111.1
30,236,08-24,18.2,35.2,43.5,67,88.7,98.8,111.6
30,237,08-25,18.2,36.0,43.7,66.6,88.8,98.8,110.9
30,238,08-26,18.6,35.8,43.5,66.1,88.8,98.8,110.1
30,239,08-27,19.0,35.6,43.1,65.7,88.5,98.5,109.8
30,240,08-28,19.3,35.6,42.7,65.5,87.7,98.1,110.2
30,241,08-29,19.4,35.5,42.3,64.8,87.2,97.4,110.4
30,242,08-30,18.8,35.4,42.1,64.5,87.7,97.7,111.5
30,243,08-31,18.0,35.2,42.5,64.6,88.3,98.0,112.2
30,244,09-01,17.3,34.9,42.9,64.9,88.7,98.8,111.8
30,245,09-02,16.6,34.5,43.5,65.1,89.7,100.2,113.3
30,246,09-03,16.0,34.1,44.1,65.1,90.2,101.3,114.4
30,247,09-04,15.4,33.7,45.3,65.4,90.2,101.9,114.9
30,248,09-05,14.8,33.4,46.6,66,90.1,101.1,113.9
30,249,09-06,13.7,32.9,47.6,66.5,89.8,101.0,113.2
30,250,09-07,12.7,32.3,48.1,67.1,89.3,101.1,113.5
30,251,09-08,13.0,32.8,49.1,67.5,89.1,100.7,114.2
30,252,09-09,13.3,33.8,50.2,67.8,88.6,100.2,114.4
30,253,09-10,13.8,34.8,50.6,68,87.4,99.2,114.3
30,254,09-11,14.2,35.3,51.0,68.6,86.3,98.7,113.7
30,255,09-12,14.7,35.4,51.6,69,85.9,99.1,113.5
30,256,09-13,15.3,35.3,52.6,69.6,86.3,99.5,113.5
30,257,09-14,15.8,35.1,53.6,70.6,86.7,100.4,113.7
30,258,09-15,16.0,35.2,54.6,71.6,87.8,101.8,114.3
30,259,09-16,16.2,35.1,55.6,72.6,89.0,101.9,115.1
30,260,09-17,16.5,36.4,56.9,74.1,90.4,103.0,115.4
30,261,09-18,16.8,37.5,57.9,75.7,91.6,104.1,115.5
30,262,09-19,17.1,38.2,58.8,76.6,91.4,103.9,114.7
30,263,09-20,17.4,38.8,58.9,77.2,91.2,103.5,114.1
30,264,09-21,17.6,39.4,59.0,77.6,91.3,102.7,113.1
30,265,09-22,17.9,40.3,59.1,78,90.9,102.3,111.8
30,266,09-23,18.1,41.3,60.0,78.7,91.2,101.2,110.8
30,267,09-24,19.7,42.2,60.5,78.9,90.8,100.5,110.1
30,268,09-25,21.2,43.1,61.2,79.4,91.0,100.3,110.1
30,269,09-26,22.5,44.0,61.9,80.3,91.5,100.6,111.1
30,270,09-27,24.1,45.1,62.5,81.5,92.4,101.3,110.9
30,271,09-28,24.3,45.1,62.8,82.4,93.2,101.8,110.5
30,272,09-29,24.6,44.7,63.0,83.2,94.4,102.7,110.1
30,273,09-30,24.9,44.3,63.0,83.9,95.8,104.2,111.1
30,274,10-01,25.1,43.9,63.1,84.7,97.1,105.3,111.7
30,275,10-02,25.4,43.4,62.8,85.4,97.7,105.4,112.0
30,276,10-03,25.6,43.1,62.2,86.1,97.7,105.7,112.3
30,277,10-04,25.7,43.2,62.0,86.3,97.7,105.7,112.6
30,278,10-05,25.8,43.4,62.7,86.3,97.4,105.7,114.2
30,279,10-06,25.9,43.8,63.2,86.4,97.1,106.8,114.6
30,280,10-07,25.9,42.9,63.4,86.3,97.2,106.8,114.5
30,281,10-08,27.0,43.2,63.7,85.9,97.2,107.0,114.6
30,282,10-09,28.1,43.9,64.4,85.6,97.8,107.5,115.0
30,283,10-10,29.4,44.8,65.1,85.9,98.2,108.9,116.4
30,284,10-11,30.7,45.8,66.4,86.3,99.0,110.5,117.9
30,285,10-12,32.1,46.7,67.9,86.8,99.6,110.8,117.9
30,286,10-13,33.6,48.7,68.8,87.7,99.9,111.0,118.0
30,287,10-14,33.8,50.6,69.9,88.4,100.5,111.4,118.9
30,288,10-15,34.2,53.0,71.0,88.8,100.6,111.4,118.8
30,289,10-16,34.8,55.2,72.0,88.7,100.5,111.0,118.1
30,290,10-17,35.0,56.9,72.8,88.1,100.2,110.5,117.7
30,291,10-18,35.3,58.4,73.6,87.7,99.8,110.3,117.9
30,292,10-19,35.7,59.8,74.4,87.5,99.5,110.5,117.7
30,293,10-20,36.1,61.1,75.2,87.3,99.4,109.9,116.8
30,294,10-21,36.6,62.3,76.0,87.1,99.2,109.6,116.1
30,295,10-22,37.1,63.5,76.9,86.9,99.1,109.5,116.2
30,296,10-23,37.7,64.7,77.7,86.8,99.2,109.5,116.2
30,297,10-24,38.3,65.6,78.0,87.2,99.7,109.8,116.2
30,298,10-25,39.0,66.6,77.7,87.6,100.2,109.9,115.2
30,299,10-26,39.7,68.0,77.8,87.9,100.7,109.2,114.9
30,300,10-27,40.3,69.4,78.4,88.5,100.8,108.8,115.5
30,301,10-28,40.0,69.7,79.2,88.9,100.8,108.7,116.2
30,302,10-29,39.7,70.0,79.7,89.3,100.9,109.2,117.2
30,303,10-30,39.3,70.4,80.3,89.3,101.1,109.2,117.7
30,304,10-31,39.0,70.8,80.3,89.5,101.2,108.5,118.5
30,305,11-01,38.6,71.1,80.2,89.6,101.5,108.8,119.3
30,306,11-02,38.2,70.5,79.8,89.2,101.5,109.4,120.6
30,307,11-03,37.7,70.0,79.3,88.7,101.3,109.9,120.6
30,308,11-04,37.3,69.2,78.5,88.3,101.6,110.1,120.9
30,309,11-05,36.8,68.6,77.8,87.9,101.9,110.4,120.4
30,310,11-06,36.2,68.1,77.4,87.9,102.1,110.6,121.4
30,311,11-07,35.6,67.8,77.4,88,102.4,110.9,121.3
30,312,11-08,35.0,67.6,77.6,88.4,102.7,110.9,121.2
30,313,11-09,34.4,68.1,78.0,88.8,102.8,111.1,122.2
30,314,11-10,36.5,69.2,78.7,89.7,103.3,111.4,122.7
30,315,11-11,38.7,70.3,79.5,90.4,103.9,112.2,123.3
30,316,11-12,40.8,71.3,80.2,91,104.0,112.5,124.1
30,317,11-13,42.9,72.3,80.8,91.1,103.7,112.2,125.4
30,318,11-14,45.0,73.3,81.4,91.3,103.6,112.0,125.7
30,319,11-15,47.0,73.7,81.7,91.7,103.7,112.5,125.8
30,320,11-16,48.9,74.1,81.8,91.6,103.8,113.0,125.2
30,321,11-17,50.8,74.5,81.8,91.7,104.0,113.1,124.5
30,322,11-18,52.7,74.8,81.8,91.8,104.3,112.9,124.0
30,323,11-19,54.6,75.4,81.8,92.5,104.6,112.6,123.0
30,324,11-20,56.4,76.0,82.1,92.9,104.8,112.7,121.7
30,325,11-21,58.3,76.5,82.7,93.3,104.8,112.1,120.9
30,326,11-22,60.1,76.9,83.3,93.7,104.7,111.5,119.9
30,327,11-23,61.9,77.2,83.7,94,104.7,111.1,119.3
30,328,11-24,63.8,77.6,84.2,94,104.3,110.9,119.7
30,329,11-25,65.6,78.2,84.7,94.3,104.3,110.8,120.2
30,330,11-26,67.4,78.6,85.0,94.8,104.5,110.8,119.3
30,331,11-27,69.3,78.9,85.0,95.4,104.6,110.5,119.0
30,332,11-28,71.1,79.1,84.9,95.8,104.6,110.3,119.3
30,333,11-29,72.9,79.1,85.2,96.2,104.6,110.1,118.3
30,334,11-30,71.9,78.5,85.5,96.4,104.5,110.1,118.2
30,335,12-01,70.8,78.0,85.5,96.7,104.4,109.8,118.3
30,336,12-02,69.7,77.6,85.4,96.8,104.6,110.1,118.0
30,337,12-03,68.7,77.2,85.2,97.1,105.3,110.7,117.1
30,338,12-04,67.7,76.9,85.0,97.5,106.1,111.3,117.3
30,339,12-05,66.9,76.5,84.7,97.6,106.6,111.4,117.4
30,340,12-06,66.2,76.2,84.4,97.8,106.9,111.4,117.4
30,341,12-07,65.5,75.9,84.5,98.2,106.8,111.4,117.5
30,342,12-08,64.8,75.5,84.5,98.4,106.3,111.1,117.4
30,343,12-09,64.2,75.0,84.4,98.1,106.2,110.8,117.8
30,344,12-10,63.7,75.0,84.1,97.8,106.3,111.3,118.6
30,345,12-11,63.1,74.9,83.8,97.8,107.0,111.8,119.1
30,346,12-12,62.6,74.9,83.5,98.5,107.7,112.2,120.5
30,347,12-13,62.1,74.8,83.2,99.3,108.2,112.7,121.5
30,348,12-14,61.7,74.7,83.0,100.2,108.8,113.1,121.3
30,349,12-15,61.3,74.2,83.3,100.8,109.2,114.0,121.8
30,350,12-16,60.9,73.8,83.6,101,109.2,114.1,123.5
30,351,12-17,60.6,73.5,83.8,101,109.3,114.2,124.4
30,352,12-18,60.4,73.2,83.8,100.9,109.3,114.6,124.8
30,353,12-19,60.2,72.6,83.2,100.8,109.3,115.2,125.7
30,354,12-20,60.1,72.0,82.2,100.7,109.7,115.5,126.1
30,355,12-21,60.1,71.9,82.3,100.7,110.1,115.8,126.4
30,356,12-22,60.0,71.6,82.2,100.8,110.5,115.7,126.7
30,357,12-23,59.9,71.5,82.3,100.9,110.4,115.8,127.1
30,358,12-24,59.8,71.3,82.5,100.9,109.9,115.5,126.7
30,359,12-25,59.8,71.3,82.9,100.9,109.6,115.1,126.8
30,360,12-26,59.7,71.3,83.0,101,109.4,115.0,127.4
30,361,12-27,59.7,71.4,82.9,101.1,109.7,115.4,128.3
30,362,12-28,59.7,71.6,83.0,101.6,110.5,116.0,129.3
30,363,12-29,59.7,71.9,83.3,102.1,111.1,116.9,130.0
30,364,12-30,59.7,71.4,83.5,102.9,111.4,116.6,130.3
30,365,12-31,59.8,70.9,83.4,103.5,110.8,116.6,
60,1,01-01,75.0,79.1,83.2,101.4,123.1,130.0,137.9
60,2,01-02,75.0,79.1,83.1,101.1,122.8,129.9,137.2
60,3,01-03,75.3,79.2,83.1,100.6,122.4,129.7,136.5
60,4,01-04,75.5,79.4,83.4,100.5,122.0,129.5,135.9
60,5,01-05,75.6,79.6,83.6,100.2,121.7,128.7,135.3
60,6,01-06,75.7,79.8,83.7,99.8,120.8,128.0,134.7
60,7,01-07,75.7,79.9,83.7,99.4,119.9,127.8,134.2
60,8,01-08,75.7,80.1,83.6,99.1,119.7,127.5,133.7
60,9,01-09,75.7,80.2,83.6,98.7,119.4,127.1,133.2
60,10,01-10,75.7,80.3,83.6,98.3,118.8,126.5,132.8
60,11,01-11,75.7,80.3,83.7,97.9,118.8,125.6,132.3
60,12,01-12,75.6,80.3,83.7,97.4,118.2,124.7,131.9
60,13,01-13,75.6,80.3,83.7,97.2,117.4,124.3,131.3
60,14,01-14,75.6,80.4,83.7,96.9,116.8,123.6,130.6
60,15,01-15,75.5,80.5,83.7,96.9,115.9,122.9,130.0
60,16,01-16,75.5,80.5,83.6,96.8,114.9,122.0,129.2
60,17,01-17,75.4,80.5,83.3,96.9,114.3,121.6,128.5
60,18,01-18,75.3,80.5,83.1,97.1,114.1,121.6,128.0
60,19,01-19,75.2,80.4,83.0,97.3,113.4,120.9,126.0
60,20,01-20,75.2,80.3,82.9,97.2,112.4,120.1,126.9
60,21,01-21,75.3,80.3,83.0,97.7,111.8,119.7,127.8
60,22,01-22,75.2,80.7,83.2,98.1,111.5,119.1,128.6
60,23,01-23,75.1,81.6,84.2,98.8,111.3,118.8,130.4
60,24,01-24,75.3,82.6,85.0,99.2,111.2,118.8,131.8
60,25,01-25,76.4,83.5,85.8,99.7,111.0,119.2,133.1
60,26,01-26,77.3,84.3,86.4,100.3,111.1,119.4,134.4
60,27,01-27,78.1,84.9,87.1,100.8,111.5,118.8,135.7
60,28,01-28,78.9,85.5,87.7,101.1,111.1,119.0,136.9
60,29,01-29,79.7,86.1,88.3,101.6,110.6,118.4,137.9
60,30,01-30,80.4,86.5,88.8,102,110.5,118.4,138.9
60,31,01-31,80.9,86.9,89.1,102.3,110.7,118.7,139.7
60,32,02-01,81.3,87.1,89.4,102.3,110.5,119.3,140.4
60,33,02-02,81.8,87.2,89.7,102.3,110.6,119.7,141.1
60,34,02-03,82.1,87.4,90.0,102.4,110.2,120.6,142.5
60,35,02-04,82.4,87.6,90.2,102.2,110.2,120.8,143.0
60,36,02-05,82.7,87.9,90.4,101.8,110.3,121.0,143.6
60,37,02-06,82.9,88.1,90.6,101.4,110.2,121.1,144.0
60,38,02-07,83.1,88.5,90.9,101.6,110.0,120.6,144.4
60,39,02-08,83.2,88.9,91.3,101.5,109.9,120.2,144.4
60,40,02-09,83.0,88.8,91.6,101.3,109.8,120.1,143.3
60,41,02-10,82.7,88.6,91.8,100.6,109.5,119.9,142.2
60,42,02-11,82.4,88.1,91.9,100,109.2,119.8,141.4
60,43,02-12,82.1,86.9,91.3,99.7,108.9,119.6,139.6
60,44,02-13,81.4,85.6,90.6,99.5,108.4,119.5,138.2
60,45,02-14,79.7,84.3,90.1,99.4,108.2,118.7,136.9
60,46,02-15,78.2,83.2,89.6,99.1,108.0,118.3,135.6
60,47,02-16,76.9,82.2,89.1,99,107.6,118.5,134.3
60,48,02-17,75.4,81.3,88.6,98.8,107.5,118.4,133.2
60,49,02-18,73.9,80.4,88.1,98.8,108.1,119.1,132.2
60,50,02-19,72.8,79.6,87.7,98.7,108.6,119.1,131.3
60,51,02-20,72.2,78.9,87.2,98.9,108.8,119.3,130.5
60,52,02-21,71.7,78.3,86.7,99.1,108.9,119.3,129.8
60,53,02-22,71.2,77.8,86.2,98.8,108.4,118.8,129.1
60,54,02-23,70.7,77.5,85.8,98.6,108.1,118.0,127.7
60,55,02-24,70.4,77.2,85.6,98.4,107.8,117.7,127.3
60,56,02-25,70.0,76.8,85.3,98.1,107.5,117.7,128.0
60,57,02-26,69.7,76.4,85.0,98.1,107.1,117.5,129.1
60,58,02-27,69.7,75.9,84.8,97.9,107.4,117.9,129.7
60,59,02-28,69.6,75.5,84.8,97.8,107.6,118.5,130.3
60,60,03-01,69.7,75.6,84.7,97.7,107.6,118.5,130.7
60,61,03-02,69.8,75.7,84.4,97.9,107.6,118.1,131.1
60,62,03-03,69.9,75.9,83.9,98,107.7,119.2,132.1
60,63,03-04,70.1,75.9,84.1,97.9,107.9,119.7,132.5
60,64,03-05,70.2,76.6,84.1,97.9,107.9,118.8,131.6
60,65,03-06,70.4,77.2,84.2,97.8,107.7,118.6,131.3
60,66,03-07,70.5,77.7,84.3,97.7,107.6,118.0,130.7
60,67,03-08,70.8,78.1,84.3,97.4,107.2,117.3,129.8
60,68,03-09,71.1,78.4,84.3,97.2,106.6,116.2,128.8
60,69,03-10,71.4,78.6,84.3,96.7,105.4,115.1,127.6
60,70,03-11,71.6,78.8,84.1,96.3,104.4,114.1,126.3
60,71,03-12,71.3,78.9,83.9,95.8,103.5,112.8,125.1
60,72,03-13,71.0,78.9,83.9,95.4,102.8,111.6,123.9
60,73,03-14,70.7,78.8,83.9,95,102.2,110.4,122.6
60,74,03-15,70.4,78.4,83.9,94.8,101.9,109.2,122.1
60,75,03-16,70.0,78.0,83.8,94.6,101.5,109.2,122.4
60,76,03-17,69.6,77.5,83.7,94.3,101.0,109.7,121.5
60,77,03-18,69.3,77.0,83.7,93.9,100.5,109.2,120.4
60,78,03-19,68.7,76.4,83.3,93.4,99.4,108.0,119.6
60,79,03-20,68.0,75.8,82.9,92.9,98.8,107.0,118.9
60,80,03-21,67.2,75.1,82.3,92.5,98.5,107.3,118.4
60,81,03-22,66.4,74.4,82.0,92,98.5,107.9,117.8
60,82,03-23,65.5,73.8,81.7,91.3,98.7,106.9,116.6
60,83,03-24,64.6,73.5,80.6,90.5,98.3,106.5,116.1
60,84,03-25,63.7,72.3,79.6,89.6,98.0,106.9,116.8
60,85,03-26,62.8,71.1,78.6,88.7,97.8,107.6,116.9
60,86,03-27,62.0,70.0,77.7,88.3,98.0,108.2,117.3
60,87,03-28,61.2,68.9,76.9,87.9,98.2,109.2,118.5
60,88,03-29,60.4,67.7,76.2,87.4,98.5,110.3,120.5
60,89,03-30,59.6,66.5,75.6,87,98.8,111.4,122.1
60,90,03-31,58.9,65.3,75.0,86.6,99.0,112.6,123.2
60,91,04-01,58.2,64.2,74.5,86.3,99.0,113.5,124.4
60,92,04-02,57.4,63.3,74.0,86,99.4,114.0,127.0
60,93,04-03,56.6,62.4,73.4,85.8,99.7,114.8,129.3
60,94,04-04,55.7,61.6,72.7,85.4,99.7,115.0,130.5
60,95,04-05,55.0,60.8,72.2,84.9,99.5,114.0,130.6
60,96,04-06,54.3,60.1,71.6,84.6,99.4,113.5,130.7
60,97,04-07,53.7,59.8,71.2,84.5,99.8,114.0,130.7
60,98,04-08,53.1,60.0,71.1,84.3,100.4,115.5,130.6
60,99,04-09,52.5,60.1,71.0,84,100.3,116.3,130.4
60,100,04-10,51.9,60.1,70.8,83.6,99.8,116.1,130.3
60,101,04-11,51.3,60.1,70.5,83.4,99.0,116.3,130.2
60,102,04-12,50.8,59.9,70.2,83.1,97.8,116.4,130.0
60,103,04-13,50.3,59.5,70.0,83,97.1,116.2,129.8
60,104,04-14,49.7,59.2,69.8,82.8,97.5,116.3,129.6
60,105,04-15,49.0,58.9,69.6,82.9,97.9,116.2,129.3
60,106,04-16,48.2,58.7,69.3,82.8,98.0,115.9,128.9
60,107,04-17,47.5,58.6,69.5,83,98.1,115.3,128.6
60,108,04-18,46.8,58.5,69.8,83.3,97.8,114.4,128.5
60,109,04-19,46.0,58.5,70.1,83.8,97.6,113.2,128.7
60,110,04-20,45.3,58.6,70.4,84.1,97.5,111.9,129.4
60,111,04-21,44.6,58.7,70.9,84.4,97.5,111.0,129.9
60,112,04-22,43.9,58.8,71.4,84.5,97.2,111.1,128.8
60,113,04-23,43.4,58.8,71.9,84.7,96.9,111.2,128.2
60,114,04-24,42.8,58.9,72.5,84.8,97.4,112.0,127.9
60,115,04-25,42.6,58.9,72.9,85,98.2,112.8,128.0
60,116,04-26,42.7,59.0,73.3,85.3,98.7,112.4,128.1
60,117,04-27,42.8,59.0,73.6,85.4,98.9,112.3,128.6
60,118,04-28,43.3,59.0,74.0,86.1,98.9,111.4,129.1
60,119,04-29,44.1,59.2,74.3,86.7,99.1,111.6,129.6
60,120,04-30,45.2,59.7,74.8,87.1,99.4,111.8,130.0
60,121,05-01,46.5,60.1,75.3,87.5,99.6,110.7,130.1
60,122,05-02,47.8,61.0,76.0,88,99.9,109.9,130.5
60,123,05-03,49.2,61.8,76.7,88.3,100.4,109.2,131.1
60,124,05-04,50.6,62.6,77.3,88.6,99.6,108.5,131.7
60,125,05-05,52.1,63.3,77.8,88.5,98.9,107.8,132.4
60,126,05-06,53.5,63.9,78.3,88.3,98.0,107.5,133.0
60,127,05-07,54.9,64.3,78.3,88,97.9,108.3,135.0
60,128,05-08,56.1,64.7,78.2,87.5,98.1,109.4,134.6
60,129,05-09,57.4,65.0,78.1,87.2,98.3,110.7,134.0
60,130,05-10,58.4,65.2,77.9,86.9,98.9,111.5,133.5
60,131,05-11,59.4,65.5,77.8,87.1,99.5,112.8,133.5
60,132,05-12,60.5,65.7,77.6,87.3,99.7,113.3,133.7
60,133,05-13,61.5,66.0,77.4,87.5,99.9,114.2,134.1
60,134,05-14,62.4,66.7,77.8,87.6,99.6,115.1,134.5
60,135,05-15,63.0,67.3,78.2,87.6,99.1,115.7,134.4
60,136,05-16,63.2,67.8,78.4,87.5,98.7,115.7,134.7
60,137,05-17,63.4,68.1,78.4,87.1,98.1,115.1,135.2
60,138,05-18,63.4,67.9,78.0,86.3,97.3,114.9,135.3
60,139,05-19,63.2,68.1,77.6,85.8,96.7,113.8,136.1
60,140,05-20,62.9,68.0,77.2,85.5,96.8,113.2,136.7
60,141,05-21,62.4,67.8,76.6,84.9,97.1,114.4,138.3
60,142,05-22,61.8,67.0,75.9,84.4,97.0,115.9,140.6
60,143,05-23,61.2,66.3,75.1,84.3,97.3,118.4,142.2
60,144,05-24,60.6,65.5,74.3,84.2,98.4,120.2,143.5
60,145,05-25,60.0,64.7,74.0,84.6,99.6,121.1,144.5
60,146,05-26,59.4,64.0,74.1,85,100.4,122.1,145.3
60,147,05-27,58.8,63.3,74.2,85.3,100.9,122.2,144.0
60,148,05-28,58.2,62.7,74.3,85.6,101.0,122.5,144.0
60,149,05-29,57.6,62.1,74.5,85.6,100.8,122.6,144.1
60,150,05-30,57.0,61.5,74.7,85.6,100.1,123.1,144.3
60,151,05-31,56.4,60.8,74.2,85.1,99.1,122.3,144.1
60,152,06-01,55.8,61.0,74.0,84.5,98.5,121.3,144.0
60,153,06-02,55.1,61.1,73.8,84,98.4,120.1,143.8
60,154,06-03,54.3,60.7,73.0,83.3,98.0,119.9,143.4
60,155,06-04,53.5,60.3,72.1,82.6,97.3,120.2,143.2
60,156,06-05,52.6,59.9,71.2,82.1,98.6,121.0,142.6
60,157,06-06,51.6,59.5,70.5,81.7,99.7,122.2,141.5
60,158,06-07,50.4,59.0,69.8,81.7,100.6,122.8,140.8
60,159,06-08,48.9,58.0,69.0,81.5,101.2,123.2,139.5
60,160,06-09,47.5,57.2,69.0,81,100.9,122.7,138.4
60,161,06-10,46.0,56.3,68.9,80.7,100.3,121.3,136.3
60,162,06-11,44.6,55.6,68.9,80.3,99.8,119.4,133.5
60,163,06-12,43.3,54.9,68.8,79.8,99.1,117.0,131.1
60,164,06-13,42.8,54.3,68.8,79.1,97.7,115.5,129.0
60,165,06-14,42.2,53.7,68.2,78.3,96.7,114.8,127.3
60,166,06-15,41.6,53.0,67.0,77.5,96.0,114.4,125.8
60,167,06-16,40.9,52.3,65.7,76.5,95.0,112.6,124.8
60,168,06-17,40.1,51.5,64.2,75.5,93.9,110.6,123.9
60,169,06-18,39.3,51.2,62.7,74.7,93.1,108.7,123.2
60,170,06-19,38.5,50.7,61.6,73.9,92.8,108.3,122.7
60,171,06-20,37.7,50.2,60.8,73.5,92.7,108.8,122.5
60,172,06-21,37.0,48.9,59.4,73.2,92.6,109.6,122.0
60,173,06-22,36.3,47.4,57.9,73,93.0,109.5,121.0
60,174,06-23,35.7,46.0,56.3,72.9,93.4,108.7,121.3
60,175,06-24,35.1,44.5,54.6,72.8,94.9,108.1,121.0
60,176,06-25,34.5,42.9,52.9,72.4,94.2,107.6,120.8
60,177,06-26,33.7,41.3,51.3,71.9,93.5,106.8,120.7
60,178,06-27,33.3,40.1,50.4,71.5,93.4,106.8,120.6
60,179,06-28,33.0,38.9,49.9,71.2,93.4,107.1,120.5
60,180,06-29,32.6,37.6,48.6,71,93.5,108.1,120.8
60,181,06-30,32.3,36.3,47.1,70.9,94.1,109.0,120.6
60,182,07-01,31.9,35.1,45.4,70.9,95.3,110.1,120.5
60,183,07-02,31.5,34.1,43.9,70.5,95.8,110.3,120.4
60,184,07-03,30.3,33.0,42.5,70.3,96.7,110.6,121.8
60,185,07-04,29.3,32.1,41.1,69.9,97.3,110.9,122.0
60,186,07-05,28.3,31.2,40.1,69.8,98.3,110.7,122.0
60,187,07-06,27.4,30.4,40.4,70.1,99.1,111.4,121.9
60,188,07-07,26.8,29.8,40.7,70.8,100.0,111.9,121.4
60,189,07-08,26.1,28.8,40.9,71.4,100.8,112.3,120.7
60,190,07-09,25.3,27.9,40.6,71.4,101.0,111.4,120.0
60,191,07-10,24.4,26.9,40.5,71.1,101.0,110.1,118.8
60,192,07-11,23.5,26.1,40.8,70.6,100.9,109.2,118.0
60,193,07-12,22.7,26.8,41.4,70.7,100.0,108.7,118.4
60,194,07-13,21.8,27.6,42.0,70.7,99.8,107.8,117.1
60,195,07-14,20.8,28.5,42.8,70.7,98.2,106.7,116.2
60,196,07-15,19.8,29.4,44.4,71.1,97.1,105.6,115.1
60,197,07-16,18.9,30.2,45.8,71.5,96.5,104.9,113.8
60,198,07-17,17.9,30.6,47.1,71.4,95.7,103.8,112.4
60,199,07-18,18.1,30.9,47.5,71.8,95.5,104.1,114.4
60,200,07-19,18.1,31.5,48.0,72.5,96.4,104.0,114.8
60,201,07-20,18.6,32.4,48.8,73,97.0,104.2,115.3
60,202,07-21,19.1,33.0,49.8,73.2,96.7,103.7,115.3
60,203,07-22,19.4,33.4,50.7,73.5,97.1,103.8,115.2
60,204,07-23,19.7,33.7,50.9,73.6,97.0,103.8,115.0
60,205,07-24,19.9,33.8,51.0,74.3,96.7,103.7,115.4
60,206,07-25,20.1,33.8,51.1,75.5,96.2,103.9,115.3
60,207,07-26,20.2,33.9,50.0,76.3,95.8,103.6,114.7
60,208,07-27,19.8,33.9,48.9,76.3,95.5,103.4,114.8
60,209,07-28,19.8,34.3,47.9,76.4,95.5,103.3,115.0
60,210,07-29,19.9,34.7,48.2,76.7,95.6,103.3,114.8
60,211,07-30,20.0,35.1,48.4,76.9,95.8,103.4,114.4
60,212,07-31,20.7,35.9,48.4,77.3,96.0,103.1,113.7
60,213,08-01,21.2,34.9,48.2,77,96.0,102.8,112.6
60,214,08-02,21.8,33.8,48.8,76.9,95.6,102.9,113.0
60,215,08-03,22.5,32.6,49.1,76.8,96.0,103.0,113.0
60,216,08-04,23.1,31.5,48.5,76.5,96.1,103.0,112.8
60,217,08-05,23.8,30.5,47.9,76.2,95.7,102.9,112.9
60,218,08-06,24.4,29.6,46.7,75.8,95.3,102.9,113.4
60,219,08-07,23.8,29.4,45.9,75,94.7,101.5,110.5
60,220,08-08,23.4,29.0,45.1,74.1,93.4,100.1,108.8
60,221,08-09,22.6,28.3,44.3,73.6,92.0,98.6,107.4
60,222,08-10,22.1,27.9,43.6,73,91.0,97.8,106.5
60,223,08-11,21.9,27.6,43.2,72.5,89.8,96.8,105.7
60,224,08-12,21.7,27.3,43.4,72.2,88.6,95.7,105.1
60,225,08-13,21.5,27.1,43.0,70.7,87.9,94.9,104.2
60,226,08-14,21.1,26.9,43.0,68.5,87.4,94.2,103.5
60,227,08-15,20.6,26.6,42.9,67.4,87.1,93.7,103.5
60,228,08-16,20.3,26.4,42.7,66.7,86.8,94.5,105.2
60,229,08-17,19.7,26.1,42.5,66,86.7,96.1,106.3
60,230,08-18,19.3,25.8,41.3,65.8,86.4,97.4,107.6
60,231,08-19,19.7,25.8,40.3,65.5,86.9,98.5,109.0
60,232,08-20,19.4,25.5,39.3,64.9,88.1,99.7,110.3
60,233,08-21,19.1,25.4,38.7,65.2,89.0,100.5,111.0
60,234,08-22,18.7,25.4,37.4,64.7,89.9,101.1,110.5
60,235,08-23,18.7,25.4,36.3,64.1,90.3,101.7,110.7
60,236,08-24,18.8,25.4,35.6,63.4,90.5,102.1,111.2
60,237,08-25,18.9,25.4,34.8,62.9,90.6,102.5,111.4
60,238,08-26,19.1,25.6,34.8,62.8,90.6,102.9,111.3
60,239,08-27,19.2,25.3,34.9,62.7,90.4,103.4,111.8
60,240,08-28,19.3,24.8,35.0,62.4,90.1,103.8,111.9
60,241,08-29,19.5,24.4,35.1,62,89.7,104.2,111.9
60,242,08-30,19.2,23.9,35.4,61.9,89.3,104.6,113.0
60,243,08-31,18.8,23.4,35.8,62,89.0,105.0,114.2
60,244,09-01,18.4,23.0,36.4,62.1,89.0,105.6,113.8
60,245,09-02,18.0,22.6,37.9,62.8,88.7,106.3,115.6
60,246,09-03,17.7,22.3,38.9,63.5,88.1,107.4,117.7
60,247,09-04,17.6,21.9,40.2,63.9,88.6,108.4,119.1
60,248,09-05,17.8,21.6,41.5,64.1,89.3,108.9,118.4
60,249,09-06,18.0,20.9,43.0,64.5,89.5,107.9,118.1
60,250,09-07,18.0,20.3,44.2,64.9,89.7,107.1,118.3
60,251,09-08,17.4,21.4,45.6,65.3,89.1,106.4,118.9
60,252,09-09,16.8,22.6,47.1,65.9,87.9,105.6,119.7
60,253,09-10,16.4,23.8,48.4,65.6,86.8,105.0,120.6
60,254,09-11,16.1,25.2,49.7,65.8,85.8,104.4,121.5
60,255,09-12,15.6,26.6,50.7,66.4,84.9,104.3,121.7
60,256,09-13,15.1,28.1,51.9,67.1,84.4,104.2,121.8
60,257,09-14,14.6,29.6,53.4,67.9,84.3,105.0,123.1
60,258,09-15,14.1,30.7,54.2,68.6,85.1,105.9,124.3
60,259,09-16,13.6,31.8,55.1,69.3,85.8,106.6,124.6
60,260,09-17,13.2,33.2,56.1,70.6,87.2,107.4,125.3
60,261,09-18,12.6,34.8,57.1,72.3,88.6,108.2,126.4
60,262,09-19,12.1,36.3,57.8,73.5,89.6,108.6,126.1
60,263,09-20,11.6,37.6,58.1,74.4,90.4,108.7,125.6
60,264,09-21,11.2,39.0,58.5,75.2,90.7,108.2,124.9
60,265,09-22,10.7,40.5,58.6,76,91.4,108.5,124.1
60,266,09-23,10.3,42.0,58.8,77,92.5,107.8,122.8
60,267,09-24,10.0,43.5,58.9,77.4,92.2,107.4,121.4
60,268,09-25,9.8,45.1,59.5,77.7,91.5,106.4,120.6
60,269,09-26,9.7,46.7,60.3,78.1,91.8,106.2,120.8
60,270,09-27,9.9,48.2,61.0,78.7,92.5,106.7,120.9
60,271,09-28,10.6,47.8,61.3,79.4,93.3,108.1,121.4
60,272,09-29,11.3,47.4,61.4,80.2,94.2,109.0,120.9
60,273,09-30,11.9,46.9,61.5,81.3,95.1,109.4,121.3
60,274,10-01,12.6,46.4,61.6,82.4,96.1,110.4,121.6
60,275,10-02,13.2,45.8,61.7,83.3,96.7,110.6,122.3
60,276,10-03,13.7,45.0,61.7,84.1,97.3,110.6,123.2
60,277,10-04,14.2,44.4,61.9,84.7,97.7,109.6,123.0
60,278,10-05,14.7,43.9,62.8,85.3,97.3,109.2,123.7
60,279,10-06,15.2,43.5,63.5,85.7,97.4,108.6,125.0
60,280,10-07,15.7,42.6,64.2,85.5,97.0,108.1,126.1
60,281,10-08,16.2,42.3,64.8,84.8,96.4,107.4,126.6
60,282,10-09,16.8,42.7,65.4,84.3,96.3,107.1,127.6
60,283,10-10,17.5,43.9,66.2,84.1,96.3,107.0,128.7
60,284,10-11,18.2,45.2,67.1,84.6,96.8,108.4,129.9
60,285,10-12,18.9,46.4,68.2,84.8,96.8,108.2,129.9
60,286,10-13,19.8,47.9,69.4,84.9,96.5,108.1,130.6
60,287,10-14,20.5,49.7,70.8,85.4,96.8,108.4,131.6
60,288,10-15,21.0,51.3,71.7,86,97.4,108.9,132.2
60,289,10-16,21.5,53.0,72.4,86.5,97.5,109.3,131.7
60,290,10-17,21.7,54.5,73.2,86.7,97.4,109.2,131.1
60,291,10-18,21.5,56.1,73.9,86.9,97.1,108.7,130.1
60,292,10-19,21.2,57.6,74.6,86.8,97.0,108.9,130.0
60,293,10-20,21.0,59.1,75.1,86.7,97.0,109.7,129.4
60,294,10-21,20.8,60.6,75.8,86.6,96.9,109.8,128.8
60,295,10-22,20.6,62.1,76.5,86.7,96.9,109.7,128.3
60,296,10-23,20.5,63.5,77.3,86.6,97.3,109.8,127.9
60,297,10-24,20.5,64.9,77.9,86.6,97.8,110.4,127.6
60,298,10-25,20.4,66.2,77.9,86.6,98.0,110.2,126.5
60,299,10-26,20.3,67.7,78.1,86.7,98.1,110.3,125.5
60,300,10-27,20.2,69.5,78.5,87.1,97.9,111.4,125.0
60,301,10-28,20.1,70.9,79.1,87.6,97.7,112.0,124.9
60,302,10-29,19.9,71.5,79.8,88.1,97.8,112.7,125.0
60,303,10-30,19.8,71.8,80.2,88.5,98.2,113.2,125.3
60,304,10-31,19.7,72.0,80.5,88.5,98.1,112.4,125.6
60,305,11-01,19.5,72.3,80.5,88.5,98.6,113.0,126.2
60,306,11-02,19.4,72.3,80.3,88.3,99.2,114.2,126.6
60,307,11-03,19.3,72.1,79.9,88,99.6,115.2,127.1
60,308,11-04,19.2,71.9,79.4,87.4,99.6,115.9,127.5
60,309,11-05,19.1,71.8,79.0,86.9,99.4,116.2,127.9
60,310,11-06,19.0,71.8,78.6,86.6,99.7,117.0,128.4
60,311,11-07,18.9,71.8,78.5,86.2,100.4,117.3,130.0
60,312,11-08,18.7,71.9,78.7,86.4,101.2,117.5,130.1
60,313,11-09,18.6,72.0,79.0,86.5,102.1,117.5,130.4
60,314,11-10,19.9,72.3,79.6,87,103.0,117.7,130.8
60,315,11-11,22.6,72.8,80.4,87.5,103.7,118.7,131.7
60,316,11-12,25.4,73.3,80.9,88,104.0,120.0,132.3
60,317,11-13,28.1,73.9,81.4,88.5,104.1,120.3,133.3
60,318,11-14,30.8,74.4,81.8,88.7,104.5,120.6,134.2
60,319,11-15,33.6,74.9,81.8,89.3,105.1,121.1,134.8
60,320,11-16,36.4,75.1,82.1,89.7,106.1,121.3,135.1
60,321,11-17,39.1,75.2,82.2,90.1,106.9,121.1,135.0
60,322,11-18,41.8,75.3,82.2,90.4,107.6,121.9,134.8
60,323,11-19,44.5,75.6,82.3,91.1,108.2,122.2,134.2
60,324,11-20,47.3,75.9,82.7,91.8,108.7,122.4,133.5
60,325,11-21,50.3,76.2,83.0,92.4,108.7,121.9,132.7
60,326,11-22,53.4,76.7,83.5,93.1,108.4,121.0,132.2
60,327,11-23,56.5,77.1,83.9,93.8,108.1,119.6,131.8
60,328,11-24,59.5,77.3,84.2,94.3,108.0,118.9,131.4
60,329,11-25,62.6,77.6,84.5,94.8,108.2,118.7,131.1
60,330,11-26,65.6,78.0,84.7,95.3,108.0,118.1,130.9
60,331,11-27,68.6,78.3,85.1,95.9,107.7,117.6,129.3
60,332,11-28,71.5,78.4,85.4,96.1,107.3,117.2,129.1
60,333,11-29,74.5,78.5,85.7,96.2,106.7,116.6,128.5
60,334,11-30,75.9,78.7,85.7,96,106.2,116.7,128.3
60,335,12-01,76.0,78.7,85.5,96.1,106.6,116.3,127.5
60,336,12-02,76.0,78.8,85.5,96.2,107.3,115.8,127.9
60,337,12-03,76.0,78.9,85.6,96.5,107.8,116.1,128.1
60,338,12-04,75.9,79.0,85.5,96.7,108.5,116.5,128.2
60,339,12-05,75.9,79.1,85.7,96.6,108.8,116.7,127.7
60,340,12-06,75.8,79.3,85.6,96.4,108.7,116.0,127.1
60,341,12-07,75.7,79.5,85.4,96.2,108.7,116.0,126.5
60,342,12-08,75.6,79.7,85.3,96,108.4,115.0,126.0
60,343,12-09,75.5,79.3,85.1,95.6,107.9,114.8,125.6
60,344,12-10,75.5,79.1,84.4,95,108.3,115.1,125.4
60,345,12-11,75.4,78.9,84.0,94.5,108.7,115.2,125.2
60,346,12-12,75.2,78.5,83.6,94.9,109.8,116.0,125.5
60,347,12-13,75.0,78.2,83.2,95.5,111.0,117.4,126.1
60,348,12-14,74.7,78.0,83.0,96.1,112.0,117.8,126.3
60,349,12-15,74.6,77.8,82.8,96.5,112.3,118.1,126.5
60,350,12-16,74.4,77.7,83.1,96.9,112.8,118.2,127.5
60,351,12-17,74.4,77.7,83.3,97.1,113.0,118.3,128.5
60,352,12-18,74.3,77.6,83.4,97.3,112.8,117.7,129.3
60,353,12-19,74.3,77.6,83.3,97.6,112.7,117.9,130.1
60,354,12-20,74.2,77.5,83.3,97.8,112.8,117.4,130.8
60,355,12-21,74.2,77.7,83.3,97.9,112.2,118.1,131.4
60,356,12-22,74.1,77.6,83.2,97.9,111.8,117.9,130.9
60,357,12-23,74.1,77.5,83.0,97.9,111.8,117.7,130.2
60,358,12-24,74.2,77.5,82.9,98,111.6,117.5,129.6
60,359,12-25,74.2,77.5,82.8,98.2,111.3,117.3,130.0
60,360,12-26,74.4,77.5,82.7,98.6,111.2,117.5,130.6
60,361,12-27,74.6,77.5,82.6,99,111.4,117.9,131.3
60,362,12-28,74.8,77.5,82.6,99.6,112.0,118.6,132.2
60,363,12-29,75.2,77.6,82.8,100.1,112.8,119.3,133.2
60,364,12-30,75.4,77.7,83.2,101,112.5,119.5,134.3
60,365,12-31,75.3,77.7,83.6,102.3,112.4,120.0,
